Product_Name,Price_USD,Rating_Stars,Brand,Amazon_URL
"PNY NVIDIA GeForce RTX™ 5090 32GB ARGB Overclocked Triple Fan Graphics Card (DLSS 4, PCIe® 5.0, HDMI®/DP 2.1, 3.5-Slot, Epic-X™ RGB Lighting)",2517.0,4.2,NVIDIA,https://www.amazon.com/PNY-Overclocked-Graphics-3-5-Slot-Epic-XTM/dp/B0DTJFSSZG/ref=sr_1_1?dib=eyJ2IjoiMSJ9.fvh4S5rKENwscVdC05tdNplympEte2vOQT9rX6FfcpgMpruZnv4RTkvRkJWX7d_sJ7VI3-mn9bOdbB9aXMKXvRvYGnRN7nG1FzfQu6V9joKEQ7fnRBxvrDt8Vg1bJ8JpjgulI6hJ2ovp5rLAt5HBGVnuX73p7q1OatLKspxsrhHnV989G84KjfiScoCIOvvJdjKB_vGAcWmKN5wD3EELNqSVhC0LqFoJ273SxTnisAg.ZcbbE6PlyAhkwZa17I-VI0FJ2mOTIa4bVTwDGB7cBNo&dib_tag=se&keywords=NVIDIA+RTX+5090&qid=1756534123&sr=8-1
"ASUS TUF Gaming GeForce RTX ™ 5090 32GB GDDR7 OC Edition Gaming Graphics Card (PCIe® 5.0, HDMI®/DP 2.1, 3.6-Slot, Military-Grade Components, Protective PCB Coating, axial-tech Fans, Vapor Chamber)",2700.0,4.5,ASUS,https://www.amazon.com/ASUS-Military-Grade-Components-Protective-axial-tech/dp/B0DS2X13PH/ref=sr_1_2?dib=eyJ2IjoiMSJ9.fvh4S5rKENwscVdC05tdNplympEte2vOQT9rX6FfcpgMpruZnv4RTkvRkJWX7d_sJ7VI3-mn9bOdbB9aXMKXvRvYGnRN7nG1FzfQu6V9joKEQ7fnRBxvrDt8Vg1bJ8JpjgulI6hJ2ovp5rLAt5HBGVnuX73p7q1OatLKspxsrhHnV989G84KjfiScoCIOvvJdjKB_vGAcWmKN5wD3EELNqSVhC0LqFoJ273SxTnisAg.ZcbbE6PlyAhkwZa17I-VI0FJ2mOTIa4bVTwDGB7cBNo&dib_tag=se&keywords=NVIDIA+RTX+5090&qid=1756534123&sr=8-2
"MSI Gaming RTX 5090 32G Gaming Trio OC Graphics Card (32GB GDDR7, 512-bit, Extreme Performance: 2497 MHz, DisplayPort x3 2.1a, HDMI 2.1b, NVIDIA Blackwell Architecture)",2399.0,4.5,NVIDIA,https://www.amazon.com/MSI-Graphics-512-bit-Extreme-Performance/dp/B0DT7L98J1/ref=sr_1_3?dib=eyJ2IjoiMSJ9.fvh4S5rKENwscVdC05tdNplympEte2vOQT9rX6FfcpgMpruZnv4RTkvRkJWX7d_sJ7VI3-mn9bOdbB9aXMKXvRvYGnRN7nG1FzfQu6V9joKEQ7fnRBxvrDt8Vg1bJ8JpjgulI6hJ2ovp5rLAt5HBGVnuX73p7q1OatLKspxsrhHnV989G84KjfiScoCIOvvJdjKB_vGAcWmKN5wD3EELNqSVhC0LqFoJ273SxTnisAg.ZcbbE6PlyAhkwZa17I-VI0FJ2mOTIa4bVTwDGB7cBNo&dib_tag=se&keywords=NVIDIA+RTX+5090&qid=1756534123&sr=8-3
"GIGABYTE GeForce RTX 5090 Gaming OC 32G Graphics Card, WINDFORCE Cooling System, 32GB 512-bit GDDR7, GV-N5090GAMING OC-32GD Video Card",2599.0,3.9,GIGABYTE,https://www.amazon.com/GIGABYTE-Graphics-WINDFORCE-GV-N5090GAMING-OC-32GD/dp/B0DT7GBNWQ/ref=sr_1_4?dib=eyJ2IjoiMSJ9.fvh4S5rKENwscVdC05tdNplympEte2vOQT9rX6FfcpgMpruZnv4RTkvRkJWX7d_sJ7VI3-mn9bOdbB9aXMKXvRvYGnRN7nG1FzfQu6V9joKEQ7fnRBxvrDt8Vg1bJ8JpjgulI6hJ2ovp5rLAt5HBGVnuX73p7q1OatLKspxsrhHnV989G84KjfiScoCIOvvJdjKB_vGAcWmKN5wD3EELNqSVhC0LqFoJ273SxTnisAg.ZcbbE6PlyAhkwZa17I-VI0FJ2mOTIa4bVTwDGB7cBNo&dib_tag=se&keywords=NVIDIA+RTX+5090&qid=1756534123&sr=8-4
"ZOTAC Gaming GeForce RTX 5090 Solid OC DLSS 4 32GB GDDR7 512-bit 28 Gbps PCIE 5.0 Gaming Graphics Card, IceStorm 3.0 Advanced Cooling, Spectra 2.0 ARGB Lighting, ZT-B50900J-10P",2227.0,4.2,ZOTAC,https://www.amazon.com/ZOTAC-Graphics-IceStorm-Advanced-ZT-B50900J-10P/dp/B0DV6MK91R/ref=sr_1_5?dib=eyJ2IjoiMSJ9.fvh4S5rKENwscVdC05tdNplympEte2vOQT9rX6FfcpgMpruZnv4RTkvRkJWX7d_sJ7VI3-mn9bOdbB9aXMKXvRvYGnRN7nG1FzfQu6V9joKEQ7fnRBxvrDt8Vg1bJ8JpjgulI6hJ2ovp5rLAt5HBGVnuX73p7q1OatLKspxsrhHnV989G84KjfiScoCIOvvJdjKB_vGAcWmKN5wD3EELNqSVhC0LqFoJ273SxTnisAg.ZcbbE6PlyAhkwZa17I-VI0FJ2mOTIa4bVTwDGB7cBNo&dib_tag=se&keywords=NVIDIA+RTX+5090&qid=1756534123&sr=8-5
"MSI Gaming RTX 5090 32G Vanguard SOC Graphics Card (32GB GDDR7, 512-bit, Extreme Performance: 2527 MHz, DisplayPort x3 2.1a, HDMI 2.1b, NVIDIA Blackwell Architecture)",2474.0,4.3,NVIDIA,https://www.amazon.com/MSI-RTX-5090-32G-SOC/dp/B0DT7KGND2/ref=sr_1_6?dib=eyJ2IjoiMSJ9.fvh4S5rKENwscVdC05tdNplympEte2vOQT9rX6FfcpgMpruZnv4RTkvRkJWX7d_sJ7VI3-mn9bOdbB9aXMKXvRvYGnRN7nG1FzfQu6V9joKEQ7fnRBxvrDt8Vg1bJ8JpjgulI6hJ2ovp5rLAt5HBGVnuX73p7q1OatLKspxsrhHnV989G84KjfiScoCIOvvJdjKB_vGAcWmKN5wD3EELNqSVhC0LqFoJ273SxTnisAg.ZcbbE6PlyAhkwZa17I-VI0FJ2mOTIa4bVTwDGB7cBNo&dib_tag=se&keywords=NVIDIA+RTX+5090&qid=1756534123&sr=8-6
Blackwell Graphics Card,2638.0,3.9,Other,https://www.amazon.com/Empowered-PC-9001G1442530000-Blackwell-Graphics/dp/B0FFPJ7THP/ref=sr_1_7?dib=eyJ2IjoiMSJ9.fvh4S5rKENwscVdC05tdNplympEte2vOQT9rX6FfcpgMpruZnv4RTkvRkJWX7d_sJ7VI3-mn9bOdbB9aXMKXvRvYGnRN7nG1FzfQu6V9joKEQ7fnRBxvrDt8Vg1bJ8JpjgulI6hJ2ovp5rLAt5HBGVnuX73p7q1OatLKspxsrhHnV989G84KjfiScoCIOvvJdjKB_vGAcWmKN5wD3EELNqSVhC0LqFoJ273SxTnisAg.ZcbbE6PlyAhkwZa17I-VI0FJ2mOTIa4bVTwDGB7cBNo&dib_tag=se&keywords=NVIDIA+RTX+5090&qid=1756534123&sr=8-7
"MSI Gaming RTX 5090 32G Ventus 3X OC Graphics Card (32GB GDDR7, 512-bit, Extreme Performance: 2452 MHz, DisplayPort x3 2.1a, HDMI 2.1b, NVIDIA Blackwell Architecture)",2276.0,4.0,NVIDIA,https://www.amazon.com/MSI-Graphics-512-bit-Extreme-Performance/dp/B0DT7JS6BG/ref=sr_1_8?dib=eyJ2IjoiMSJ9.fvh4S5rKENwscVdC05tdNplympEte2vOQT9rX6FfcpgMpruZnv4RTkvRkJWX7d_sJ7VI3-mn9bOdbB9aXMKXvRvYGnRN7nG1FzfQu6V9joKEQ7fnRBxvrDt8Vg1bJ8JpjgulI6hJ2ovp5rLAt5HBGVnuX73p7q1OatLKspxsrhHnV989G84KjfiScoCIOvvJdjKB_vGAcWmKN5wD3EELNqSVhC0LqFoJ273SxTnisAg.ZcbbE6PlyAhkwZa17I-VI0FJ2mOTIa4bVTwDGB7cBNo&dib_tag=se&keywords=NVIDIA+RTX+5090&qid=1756534123&sr=8-8
"GIGABYTE AORUS GeForce RTX 5090 Master ICE 32G Graphics Card, WINDFORCE Cooling System, 32GB 512-bit GDDR7, GV-N5090AORUSM ICE-32GD Video Card",2824.0,4.4,GIGABYTE,https://www.amazon.com/GIGABYTE-Graphics-WINDFORCE-GV-N5090AORUSM-ICE-32GD/dp/B0DVCH9WJH/ref=sr_1_9?dib=eyJ2IjoiMSJ9.fvh4S5rKENwscVdC05tdNplympEte2vOQT9rX6FfcpgMpruZnv4RTkvRkJWX7d_sJ7VI3-mn9bOdbB9aXMKXvRvYGnRN7nG1FzfQu6V9joKEQ7fnRBxvrDt8Vg1bJ8JpjgulI6hJ2ovp5rLAt5HBGVnuX73p7q1OatLKspxsrhHnV989G84KjfiScoCIOvvJdjKB_vGAcWmKN5wD3EELNqSVhC0LqFoJ273SxTnisAg.ZcbbE6PlyAhkwZa17I-VI0FJ2mOTIa4bVTwDGB7cBNo&dib_tag=se&keywords=NVIDIA+RTX+5090&qid=1756534123&sr=8-9
ASUS NVIDIA GeForce RTX 5090 Video Card 32GB GDDR7 PCI Express 5.0 / TUF-RTX5090-32G-GAMING,2539.0,4.6,NVIDIA,https://www.amazon.com/ASUS-NVIDIA-GeForce-Express-TUF-RTX5090-32G-GAMING/dp/B0DZFYPWDG/ref=sr_1_10?dib=eyJ2IjoiMSJ9.fvh4S5rKENwscVdC05tdNplympEte2vOQT9rX6FfcpgMpruZnv4RTkvRkJWX7d_sJ7VI3-mn9bOdbB9aXMKXvRvYGnRN7nG1FzfQu6V9joKEQ7fnRBxvrDt8Vg1bJ8JpjgulI6hJ2ovp5rLAt5HBGVnuX73p7q1OatLKspxsrhHnV989G84KjfiScoCIOvvJdjKB_vGAcWmKN5wD3EELNqSVhC0LqFoJ273SxTnisAg.ZcbbE6PlyAhkwZa17I-VI0FJ2mOTIa4bVTwDGB7cBNo&dib_tag=se&keywords=NVIDIA+RTX+5090&qid=1756534123&sr=8-10
"MSI Gaming RTX 5090 32G SUPRIM Liquid SOC Graphics Card (32GB GDDR7, 512-bit, Extreme Performance: 2580 MHz, DisplayPort x3 2.1a, HDMI 2.1b, NVIDIA Blackwell Architecture)",2999.0,4.6,NVIDIA,https://www.amazon.com/MSI-Graphics-512-bit-Extreme-Performance/dp/B0DT7K9VV3/ref=sr_1_13?dib=eyJ2IjoiMSJ9.fvh4S5rKENwscVdC05tdNplympEte2vOQT9rX6FfcpgMpruZnv4RTkvRkJWX7d_sJ7VI3-mn9bOdbB9aXMKXvRvYGnRN7nG1FzfQu6V9joKEQ7fnRBxvrDt8Vg1bJ8JpjgulI6hJ2ovp5rLAt5HBGVnuX73p7q1OatLKspxsrhHnV989G84KjfiScoCIOvvJdjKB_vGAcWmKN5wD3EELNqSVhC0LqFoJ273SxTnisAg.ZcbbE6PlyAhkwZa17I-VI0FJ2mOTIa4bVTwDGB7cBNo&dib_tag=se&keywords=NVIDIA+RTX+5090&qid=1756534123&sr=8-13
"GIGABYTE GeForce RTX 5090 WINDFORCE OC 32G Graphics Card - 32GB GDDR7, 512 Bits, PCI-E 5.0, 2467MHz Core Frequency, 3 x DP 2.1a, 1x HDMI 2.1b, NVIDIA DLSS 4, GV-N5090WF3OC-32GD",2639.0,4.8,NVIDIA,https://www.amazon.com/GIGABYTE-GeForce-WINDFORCE-Graphics-GV-N5090WF3OC-32GD/dp/B0DVCBDJBJ/ref=sr_1_14?dib=eyJ2IjoiMSJ9.fvh4S5rKENwscVdC05tdNplympEte2vOQT9rX6FfcpgMpruZnv4RTkvRkJWX7d_sJ7VI3-mn9bOdbB9aXMKXvRvYGnRN7nG1FzfQu6V9joKEQ7fnRBxvrDt8Vg1bJ8JpjgulI6hJ2ovp5rLAt5HBGVnuX73p7q1OatLKspxsrhHnV989G84KjfiScoCIOvvJdjKB_vGAcWmKN5wD3EELNqSVhC0LqFoJ273SxTnisAg.ZcbbE6PlyAhkwZa17I-VI0FJ2mOTIa4bVTwDGB7cBNo&dib_tag=se&keywords=NVIDIA+RTX+5090&qid=1756534123&sr=8-14
"ASUS TUF Gaming GeForce RTX ™ 5070 12GB GDDR7 OC Edition Gaming Graphics Card (PCIe® 5.0, HDMI®/DP 2.1, 3.125-slot, Military-Grade Components, Protective PCB Coating, axial-tech Fans)",619.0,4.6,ASUS,https://www.amazon.com/ASUS-3-125-slot-Military-Grade-Components-Protective/dp/B0DS6S98ZF/ref=sr_1_15?dib=eyJ2IjoiMSJ9.fvh4S5rKENwscVdC05tdNplympEte2vOQT9rX6FfcpgMpruZnv4RTkvRkJWX7d_sJ7VI3-mn9bOdbB9aXMKXvRvYGnRN7nG1FzfQu6V9joKEQ7fnRBxvrDt8Vg1bJ8JpjgulI6hJ2ovp5rLAt5HBGVnuX73p7q1OatLKspxsrhHnV989G84KjfiScoCIOvvJdjKB_vGAcWmKN5wD3EELNqSVhC0LqFoJ273SxTnisAg.ZcbbE6PlyAhkwZa17I-VI0FJ2mOTIa4bVTwDGB7cBNo&dib_tag=se&keywords=NVIDIA+RTX+5090&qid=1756534123&sr=8-15
"ZOTAC Gaming GeForce RTX 5090 Solid OC White Edition DLSS 4 32GB GDDR7 512-bit 28 Gbps PCIE 5.0 Gaming Graphics Card, IceStorm 3.0 Advanced Cooling, Spectra 2.0 ARGB Lighting, ZT-B50900Q-10P",2399.0,4.3,ZOTAC,https://www.amazon.com/ZOTAC-Graphics-IceStorm-Advanced-ZT-B50900Q-10P/dp/B0F85ZQ72C/ref=sr_1_16?dib=eyJ2IjoiMSJ9.fvh4S5rKENwscVdC05tdNplympEte2vOQT9rX6FfcpgMpruZnv4RTkvRkJWX7d_sJ7VI3-mn9bOdbB9aXMKXvRvYGnRN7nG1FzfQu6V9joKEQ7fnRBxvrDt8Vg1bJ8JpjgulI6hJ2ovp5rLAt5HBGVnuX73p7q1OatLKspxsrhHnV989G84KjfiScoCIOvvJdjKB_vGAcWmKN5wD3EELNqSVhC0LqFoJ273SxTnisAg.ZcbbE6PlyAhkwZa17I-VI0FJ2mOTIa4bVTwDGB7cBNo&dib_tag=se&keywords=NVIDIA+RTX+5090&qid=1756534123&sr=8-16
"PNY NVIDIA GeForce RTX™ 5090 32GB ARGB Overclocked Triple Fan Graphics Card (DLSS 4, PCIe® 5.0, HDMI®/DP 2.1, 3.5-Slot, Epic-X™ RGB Lighting)",2517.0,4.2,NVIDIA,https://www.amazon.com/sspa/click?ie=UTF8&spc=MToyODM4OTY4NjEyNjI3MTQ4OjE3NTY1MzQxNjY6c3BfYXRmX25leHQ6MzAwODM0Mjc2MTgxNTAyOjowOjo&url=%2FPNY-Overclocked-Graphics-3-5-Slot-Epic-XTM%2Fdp%2FB0DTJFSSZG%2Fref%3Dsr_1_17_sspa%3Fdib%3DeyJ2IjoiMSJ9.LM9usqooaecXC07F-ojCER48h3y5BX5hV-lG_qhPaF9mXMscv7Ar4H8Iv1_yLDFXbe1b_9fVlQN_H-sznakcGCxVG5d46hqzE04wo2Bkabng--Q9L9y-SvW5aZLY-cygYfYYQeFGRMPoBmDPKXz7aZvA1ElKUWYMYNkvDSfc27bMardjh9X0VsbP95rW1BfxLZHGNaEraL2f_onIVQsZ84DPKAX9ZxRJh1Hk8MV5XXs.tlEISSWMNe8RgfVIi-8WkUATloHiPf463MyvHlA7Cws%26dib_tag%3Dse%26keywords%3DNVIDIA%2BRTX%2B5090%26qid%3D1756534166%26sr%3D8-17-spons%26sp_csd%3Dd2lkZ2V0TmFtZT1zcF9hdGZfbmV4dA%26psc%3D1
NVIDIA GeForce RTX 5080 Founders Edition,1293.0,4.1,NVIDIA,https://www.amazon.com/NVIDIA-GeForce-RTX-5080-Founders/dp/B0DYVCGVK4/ref=sr_1_18?dib=eyJ2IjoiMSJ9.LM9usqooaecXC07F-ojCER48h3y5BX5hV-lG_qhPaF9mXMscv7Ar4H8Iv1_yLDFXbe1b_9fVlQN_H-sznakcGCxVG5d46hqzE04wo2Bkabng--Q9L9y-SvW5aZLY-cygYfYYQeFGRMPoBmDPKXz7aZvA1ElKUWYMYNkvDSfc27bMardjh9X0VsbP95rW1BfxLZHGNaEraL2f_onIVQsZ84DPKAX9ZxRJh1Hk8MV5XXs.tlEISSWMNe8RgfVIi-8WkUATloHiPf463MyvHlA7Cws&dib_tag=se&keywords=NVIDIA+RTX+5090&qid=1756534166&sr=8-18
"MSI Gaming RTX 5090 32G SUPRIM SOC Graphics Card (32GB GDDR7, 512-bit, Extreme Performance: 2580 MHz, DisplayPort x3 2.1a, HDMI 2.1b, NVIDIA Blackwell Architecture)",2699.0,5.0,NVIDIA,https://www.amazon.com/MSI-Graphics-512-bit-Extreme-Performance/dp/B0DT7JYTXQ/ref=sr_1_19?dib=eyJ2IjoiMSJ9.LM9usqooaecXC07F-ojCER48h3y5BX5hV-lG_qhPaF9mXMscv7Ar4H8Iv1_yLDFXbe1b_9fVlQN_H-sznakcGCxVG5d46hqzE04wo2Bkabng--Q9L9y-SvW5aZLY-cygYfYYQeFGRMPoBmDPKXz7aZvA1ElKUWYMYNkvDSfc27bMardjh9X0VsbP95rW1BfxLZHGNaEraL2f_onIVQsZ84DPKAX9ZxRJh1Hk8MV5XXs.tlEISSWMNe8RgfVIi-8WkUATloHiPf463MyvHlA7Cws&dib_tag=se&keywords=NVIDIA+RTX+5090&qid=1756534166&sr=8-19
"MSI GeForce RTX 5090 32G Gaming Trio OC 32GB GDDR7 (28Gbps/512-bit), PCIe 5, Boost: 2482MHz, HDMI 2.1b, DisplayPort 2.1b",3179.0,4.0,MSI,https://www.amazon.com/MSI-GeForce-Gaming-28Gbps-512-bit/dp/B0DT6Q3BXM/ref=sr_1_20?dib=eyJ2IjoiMSJ9.LM9usqooaecXC07F-ojCER48h3y5BX5hV-lG_qhPaF9mXMscv7Ar4H8Iv1_yLDFXbe1b_9fVlQN_H-sznakcGCxVG5d46hqzE04wo2Bkabng--Q9L9y-SvW5aZLY-cygYfYYQeFGRMPoBmDPKXz7aZvA1ElKUWYMYNkvDSfc27bMardjh9X0VsbP95rW1BfxLZHGNaEraL2f_onIVQsZ84DPKAX9ZxRJh1Hk8MV5XXs.tlEISSWMNe8RgfVIi-8WkUATloHiPf463MyvHlA7Cws&dib_tag=se&keywords=NVIDIA+RTX+5090&qid=1756534166&sr=8-20
PNY GeForce RTX 5090 Triple Fan GPU,2499.0,3.7,PNY,https://www.amazon.com/PNY-GeForce-RTX-5090-Triple/dp/B0F2PV42RL/ref=sr_1_21?dib=eyJ2IjoiMSJ9.LM9usqooaecXC07F-ojCER48h3y5BX5hV-lG_qhPaF9mXMscv7Ar4H8Iv1_yLDFXbe1b_9fVlQN_H-sznakcGCxVG5d46hqzE04wo2Bkabng--Q9L9y-SvW5aZLY-cygYfYYQeFGRMPoBmDPKXz7aZvA1ElKUWYMYNkvDSfc27bMardjh9X0VsbP95rW1BfxLZHGNaEraL2f_onIVQsZ84DPKAX9ZxRJh1Hk8MV5XXs.tlEISSWMNe8RgfVIi-8WkUATloHiPf463MyvHlA7Cws&dib_tag=se&keywords=NVIDIA+RTX+5090&qid=1756534166&sr=8-21
"MSI GeForce RTX 5090 32G SUPRIM Liquid SOC — 32GB GDDR7 (28Gbps/512-bit), PCIe 5, Boost: 2565MHz, Water Cooling, HDMI 2.1b, DisplayPort 2.1b",3739.0,4.6,MSI,https://www.amazon.com/MSI-GeForce-5090-SUPRIM-Liquid/dp/B0BSN426TP/ref=sr_1_22?dib=eyJ2IjoiMSJ9.LM9usqooaecXC07F-ojCER48h3y5BX5hV-lG_qhPaF9mXMscv7Ar4H8Iv1_yLDFXbe1b_9fVlQN_H-sznakcGCxVG5d46hqzE04wo2Bkabng--Q9L9y-SvW5aZLY-cygYfYYQeFGRMPoBmDPKXz7aZvA1ElKUWYMYNkvDSfc27bMardjh9X0VsbP95rW1BfxLZHGNaEraL2f_onIVQsZ84DPKAX9ZxRJh1Hk8MV5XXs.tlEISSWMNe8RgfVIi-8WkUATloHiPf463MyvHlA7Cws&dib_tag=se&keywords=NVIDIA+RTX+5090&qid=1756534166&sr=8-22
"PNY GeForce RTX 5090 32GB GDDR7 Overclocked Triple Fan GPU (3.5 slot, 3x DP, 1x HDMI, PCI-E 5.0, DLSS 4, 21760 CUDA and 680 Tensor Cores) - Blackwell Graphics Card for Gaming, Gen AI, 3D Rendering",2499.0,4.6,PNY,https://www.amazon.com/GeForce-GDDR7-Overclocked-Triple-Tensor/dp/B0FBSB611Q/ref=sr_1_23?dib=eyJ2IjoiMSJ9.LM9usqooaecXC07F-ojCER48h3y5BX5hV-lG_qhPaF9mXMscv7Ar4H8Iv1_yLDFXbe1b_9fVlQN_H-sznakcGCxVG5d46hqzE04wo2Bkabng--Q9L9y-SvW5aZLY-cygYfYYQeFGRMPoBmDPKXz7aZvA1ElKUWYMYNkvDSfc27bMardjh9X0VsbP95rW1BfxLZHGNaEraL2f_onIVQsZ84DPKAX9ZxRJh1Hk8MV5XXs.tlEISSWMNe8RgfVIi-8WkUATloHiPf463MyvHlA7Cws&dib_tag=se&keywords=NVIDIA+RTX+5090&qid=1756534166&sr=8-23
"ASUS ROG Astral GeForce RTX 5090 32GB GDDR7 OC Edition Gaming Graphics Card (Nvidia GeForce RTX5090, Four Fans, 3.8 Slot Design, PCIe 5.0, 2X HDMI 2.1b, 3X DisplayPort 2.1a)",3309.0,4.6,NVIDIA,https://www.amazon.com/ASUS-GeForce-Graphics-RTX5090-DisplayPort/dp/B0DTHV8THW/ref=sr_1_24?dib=eyJ2IjoiMSJ9.LM9usqooaecXC07F-ojCER48h3y5BX5hV-lG_qhPaF9mXMscv7Ar4H8Iv1_yLDFXbe1b_9fVlQN_H-sznakcGCxVG5d46hqzE04wo2Bkabng--Q9L9y-SvW5aZLY-cygYfYYQeFGRMPoBmDPKXz7aZvA1ElKUWYMYNkvDSfc27bMardjh9X0VsbP95rW1BfxLZHGNaEraL2f_onIVQsZ84DPKAX9ZxRJh1Hk8MV5XXs.tlEISSWMNe8RgfVIi-8WkUATloHiPf463MyvHlA7Cws&dib_tag=se&keywords=NVIDIA+RTX+5090&qid=1756534166&sr=8-24
"MSI NVIDIA GeForce RTX 5090 32G Ventus 3X OC Gaming Graphics Card GDDR7 512-bit, Boost Frequency up to 2452 MHz, PCIe Gen 5, DLSS 4, DP 2.1 x 3, HDMI 2.1 x 1, ATX",3178.0,4.4,NVIDIA,https://www.amazon.com/MSI-GeForce-Graphics-512-bit-Frequency/dp/B0DT6S77JK/ref=sr_1_25?dib=eyJ2IjoiMSJ9.LM9usqooaecXC07F-ojCER48h3y5BX5hV-lG_qhPaF9mXMscv7Ar4H8Iv1_yLDFXbe1b_9fVlQN_H-sznakcGCxVG5d46hqzE04wo2Bkabng--Q9L9y-SvW5aZLY-cygYfYYQeFGRMPoBmDPKXz7aZvA1ElKUWYMYNkvDSfc27bMardjh9X0VsbP95rW1BfxLZHGNaEraL2f_onIVQsZ84DPKAX9ZxRJh1Hk8MV5XXs.tlEISSWMNe8RgfVIi-8WkUATloHiPf463MyvHlA7Cws&dib_tag=se&keywords=NVIDIA+RTX+5090&qid=1756534166&sr=8-25
"Asus ROG Astral GeForce RTX 5090 32GB GDDR7 Gaming Graphics Card (Nvidia GeForce RTX5090, Four Fans, 3.8 Slot Design, PCIe 5.0, 2X HDMI 2.1b, 3X DisplayPort 2.1a, ROG-ASTRAL-RTX5090-32G-GAMING)",3299.0,4.0,NVIDIA,https://www.amazon.com/GeForce-Graphics-RTX5090-DisplayPort-ROG-ASTRAL-RTX5090-32G-GAMING/dp/B0DTHVWZ7K/ref=sr_1_26?dib=eyJ2IjoiMSJ9.LM9usqooaecXC07F-ojCER48h3y5BX5hV-lG_qhPaF9mXMscv7Ar4H8Iv1_yLDFXbe1b_9fVlQN_H-sznakcGCxVG5d46hqzE04wo2Bkabng--Q9L9y-SvW5aZLY-cygYfYYQeFGRMPoBmDPKXz7aZvA1ElKUWYMYNkvDSfc27bMardjh9X0VsbP95rW1BfxLZHGNaEraL2f_onIVQsZ84DPKAX9ZxRJh1Hk8MV5XXs.tlEISSWMNe8RgfVIi-8WkUATloHiPf463MyvHlA7Cws&dib_tag=se&keywords=NVIDIA+RTX+5090&qid=1756534166&sr=8-26
"PNY NVIDIA GeForce RTX™ 5080 16GB Overclocked Triple Fan Graphics Card (DLSS 4, PCIe® 5.0, HDMI®/DP 2.1, 2.9-Slot)",999.0,4.3,NVIDIA,https://www.amazon.com/PNY-GeForce-Overclocked-Graphics-2-9-Slot/dp/B0DTJFZ4YS/ref=sr_1_27?dib=eyJ2IjoiMSJ9.LM9usqooaecXC07F-ojCER48h3y5BX5hV-lG_qhPaF9mXMscv7Ar4H8Iv1_yLDFXbe1b_9fVlQN_H-sznakcGCxVG5d46hqzE04wo2Bkabng--Q9L9y-SvW5aZLY-cygYfYYQeFGRMPoBmDPKXz7aZvA1ElKUWYMYNkvDSfc27bMardjh9X0VsbP95rW1BfxLZHGNaEraL2f_onIVQsZ84DPKAX9ZxRJh1Hk8MV5XXs.tlEISSWMNe8RgfVIi-8WkUATloHiPf463MyvHlA7Cws&dib_tag=se&keywords=NVIDIA+RTX+5090&qid=1756534166&sr=8-27
"PNY NVIDIA GeForce RTX™ 5070 12GB Overclocked Triple Fan Graphics Card (DLSS 4, PCIe® 5.0, HDMI®/DP 2.1, 2.4-Slot)",549.0,4.5,NVIDIA,https://www.amazon.com/PNY-GeForce-Overclocked-Graphics-2-4-Slot/dp/B0DYPFGL88/ref=sr_1_28?dib=eyJ2IjoiMSJ9.LM9usqooaecXC07F-ojCER48h3y5BX5hV-lG_qhPaF9mXMscv7Ar4H8Iv1_yLDFXbe1b_9fVlQN_H-sznakcGCxVG5d46hqzE04wo2Bkabng--Q9L9y-SvW5aZLY-cygYfYYQeFGRMPoBmDPKXz7aZvA1ElKUWYMYNkvDSfc27bMardjh9X0VsbP95rW1BfxLZHGNaEraL2f_onIVQsZ84DPKAX9ZxRJh1Hk8MV5XXs.tlEISSWMNe8RgfVIi-8WkUATloHiPf463MyvHlA7Cws&dib_tag=se&keywords=NVIDIA+RTX+5090&qid=1756534166&sr=8-28
"GIGABYTE GeForce RTX 5070 Ti Gaming OC 16G Graphics Card, 16GB 256-bit GDDR7, PCIe 5.0, WINDFORCE Cooling System, GV-N507TGAMING OC-16GD Video Card",899.0,4.5,GIGABYTE,https://www.amazon.com/GIGABYTE-Graphics-WINDFORCE-GV-N507TGAMING-OC-16GD/dp/B0DTRC7782/ref=sr_1_29?dib=eyJ2IjoiMSJ9.LM9usqooaecXC07F-ojCER48h3y5BX5hV-lG_qhPaF9mXMscv7Ar4H8Iv1_yLDFXbe1b_9fVlQN_H-sznakcGCxVG5d46hqzE04wo2Bkabng--Q9L9y-SvW5aZLY-cygYfYYQeFGRMPoBmDPKXz7aZvA1ElKUWYMYNkvDSfc27bMardjh9X0VsbP95rW1BfxLZHGNaEraL2f_onIVQsZ84DPKAX9ZxRJh1Hk8MV5XXs.tlEISSWMNe8RgfVIi-8WkUATloHiPf463MyvHlA7Cws&dib_tag=se&keywords=NVIDIA+RTX+5090&qid=1756534166&sr=8-29
"Gigabyte AORUS GeForce RTX 5090 Xtreme WATERFORCE 32G Graphics Card - 32 GB GDDR7, 512 Bits, PCI-E 5.0, 2655 MHz Core Frequency, 3 x DP 2.1a, 1 x HDMI 2.1b, NVIDIA DLSS 4, GV-N5090AORUSX W-32GD",3401.0,2.8,NVIDIA,https://www.amazon.com/Gigabyte-GeForce-Xtreme-WATERFORCE-Graphics/dp/B0DVCB114L/ref=sr_1_31?dib=eyJ2IjoiMSJ9.LM9usqooaecXC07F-ojCER48h3y5BX5hV-lG_qhPaF9mXMscv7Ar4H8Iv1_yLDFXbe1b_9fVlQN_H-sznakcGCxVG5d46hqzE04wo2Bkabng--Q9L9y-SvW5aZLY-cygYfYYQeFGRMPoBmDPKXz7aZvA1ElKUWYMYNkvDSfc27bMardjh9X0VsbP95rW1BfxLZHGNaEraL2f_onIVQsZ84DPKAX9ZxRJh1Hk8MV5XXs.tlEISSWMNe8RgfVIi-8WkUATloHiPf463MyvHlA7Cws&dib_tag=se&keywords=NVIDIA+RTX+5090&qid=1756534166&sr=8-31
"ASUS GeForce RTX 5090 Astral LC Overclocked Liquid Cooled 32GB GDDR7 PCIe 5.0 Graphics Card, 7680 x 4320 Maximum Resolution, Full Height, Triple Slot",4099.0,3.1,ASUS,https://www.amazon.com/ASUS-RTX-5090-Astral-Overclocked/dp/B0F4NQZHTW/ref=sr_1_32?dib=eyJ2IjoiMSJ9.LM9usqooaecXC07F-ojCER48h3y5BX5hV-lG_qhPaF9mXMscv7Ar4H8Iv1_yLDFXbe1b_9fVlQN_H-sznakcGCxVG5d46hqzE04wo2Bkabng--Q9L9y-SvW5aZLY-cygYfYYQeFGRMPoBmDPKXz7aZvA1ElKUWYMYNkvDSfc27bMardjh9X0VsbP95rW1BfxLZHGNaEraL2f_onIVQsZ84DPKAX9ZxRJh1Hk8MV5XXs.tlEISSWMNe8RgfVIi-8WkUATloHiPf463MyvHlA7Cws&dib_tag=se&keywords=NVIDIA+RTX+5090&qid=1756534166&sr=8-32
ZOTAC Gaming GeForce RTX 5090 Solid OC Graphics Card ZT-B50900J-10P VD8991,2249.0,4.6,ZOTAC,https://www.amazon.com/ZOTAC-Gaming-GeForce-Graphics-ZT-B50900J-10P/dp/B0DTSN2K86/ref=sr_1_33?dib=eyJ2IjoiMSJ9.LM9usqooaecXC07F-ojCER48h3y5BX5hV-lG_qhPaF9mXMscv7Ar4H8Iv1_yLDFXbe1b_9fVlQN_H-sznakcGCxVG5d46hqzE04wo2Bkabng--Q9L9y-SvW5aZLY-cygYfYYQeFGRMPoBmDPKXz7aZvA1ElKUWYMYNkvDSfc27bMardjh9X0VsbP95rW1BfxLZHGNaEraL2f_onIVQsZ84DPKAX9ZxRJh1Hk8MV5XXs.tlEISSWMNe8RgfVIi-8WkUATloHiPf463MyvHlA7Cws&dib_tag=se&keywords=NVIDIA+RTX+5090&qid=1756534166&sr=8-33
"PNY NVIDIA GeForce RTX™ 5090 32GB ARGB Overclocked Triple Fan Graphics Card (DLSS 4, PCIe® 5.0, HDMI®/DP 2.1, 3.5-Slot, Epic-X™ RGB Lighting)",2517.0,4.2,NVIDIA,https://www.amazon.com/sspa/click?ie=UTF8&spc=MTo4MTA4NDg3NDM4Nzg5MzkzOjE3NTY1MzQyMTA6c3BfYXRmX25leHQ6MzAwODM0Mjc2MTgxNTAyOjowOjo&url=%2FPNY-Overclocked-Graphics-3-5-Slot-Epic-XTM%2Fdp%2FB0DTJFSSZG%2Fref%3Dsr_1_33_sspa%3Fdib%3DeyJ2IjoiMSJ9.-OfEDU8Vm-40lzzeI0Ec31X8G35jGCuPWK73o4u0cijMPadK9W6WJT5WK56a9hQsjTnKq9VEyNA74MWcVDaOjbZ_CzlreOpC4RXKbr_o6tpFN0YzPpLODGZt3CYlEjfJ82WK7A5b9jutMfHWDMVt8Uyvou4lA8f-iKhGAlboh-y3E3vH1nI38GSL_LPvo-IWH8Eyjx0uyNwnt6bMsm2zKd3xvNnxQa__uN5aXFd3ocY.Ikb2OIUBWpDn2L8rGcZ-Hw338-Mk1ZKQWz4HvtyjhPI%26dib_tag%3Dse%26keywords%3DNVIDIA%2BRTX%2B5090%26qid%3D1756534210%26sr%3D8-33-spons%26sp_csd%3Dd2lkZ2V0TmFtZT1zcF9hdGZfbmV4dA%26psc%3D1
"Gigabyte GeForce RTX 5090 Gaming OC 32G Graphics Card - 32GB GDDR7, 512bit, PCI-E 5.0, 2550MHz Core Clock, 3 x DP 2.1a, 1 x HDMI 2.1b, NVIDIA DLSS 4, GV-N5090GAMING OC-32GD",2599.0,4.1,NVIDIA,https://www.amazon.com/Gigabyte-GeForce-5090-Gaming-Graphics/dp/B0DT9WQW4T/ref=sr_1_34?dib=eyJ2IjoiMSJ9.-OfEDU8Vm-40lzzeI0Ec31X8G35jGCuPWK73o4u0cijMPadK9W6WJT5WK56a9hQsjTnKq9VEyNA74MWcVDaOjbZ_CzlreOpC4RXKbr_o6tpFN0YzPpLODGZt3CYlEjfJ82WK7A5b9jutMfHWDMVt8Uyvou4lA8f-iKhGAlboh-y3E3vH1nI38GSL_LPvo-IWH8Eyjx0uyNwnt6bMsm2zKd3xvNnxQa__uN5aXFd3ocY.Ikb2OIUBWpDn2L8rGcZ-Hw338-Mk1ZKQWz4HvtyjhPI&dib_tag=se&keywords=NVIDIA+RTX+5090&qid=1756534210&sr=8-34
"ASUS GeForce RTX 5090 Astral LC Overclocked Liquid Cooled 32GB GDDR7 PCIe 5.0 Graphics Card, 7680 x 4320 Maximum Resolution, Full Height, Triple Slot",4099.0,3.1,ASUS,https://www.amazon.com/ASUS-RTX-5090-Astral-Overclocked/dp/B0F4NQZHTW/ref=sr_1_35?dib=eyJ2IjoiMSJ9.-OfEDU8Vm-40lzzeI0Ec31X8G35jGCuPWK73o4u0cijMPadK9W6WJT5WK56a9hQsjTnKq9VEyNA74MWcVDaOjbZ_CzlreOpC4RXKbr_o6tpFN0YzPpLODGZt3CYlEjfJ82WK7A5b9jutMfHWDMVt8Uyvou4lA8f-iKhGAlboh-y3E3vH1nI38GSL_LPvo-IWH8Eyjx0uyNwnt6bMsm2zKd3xvNnxQa__uN5aXFd3ocY.Ikb2OIUBWpDn2L8rGcZ-Hw338-Mk1ZKQWz4HvtyjhPI&dib_tag=se&keywords=NVIDIA+RTX+5090&qid=1756534210&sr=8-35
"Gigabyte AORUS GeForce RTX 5090 Master 32G Graphics Card - 32 GB GDDR7, 512 Bit, PCI-E 5.0, 2655MHz Base Frequency, 3 x DP 2.1a, 1 x HDMI 2.1b, GV-N5090AORUS M-32GD",2939.0,4.9,GIGABYTE,https://www.amazon.com/Gigabyte-AORUS-GeForce-Master-Graphics/dp/B0DT9YQR11/ref=sr_1_36?dib=eyJ2IjoiMSJ9.-OfEDU8Vm-40lzzeI0Ec31X8G35jGCuPWK73o4u0cijMPadK9W6WJT5WK56a9hQsjTnKq9VEyNA74MWcVDaOjbZ_CzlreOpC4RXKbr_o6tpFN0YzPpLODGZt3CYlEjfJ82WK7A5b9jutMfHWDMVt8Uyvou4lA8f-iKhGAlboh-y3E3vH1nI38GSL_LPvo-IWH8Eyjx0uyNwnt6bMsm2zKd3xvNnxQa__uN5aXFd3ocY.Ikb2OIUBWpDn2L8rGcZ-Hw338-Mk1ZKQWz4HvtyjhPI&dib_tag=se&keywords=NVIDIA+RTX+5090&qid=1756534210&sr=8-36
"ASUS ROG Astral GeForce RTX™ 5080 OC Edition Gaming Graphics Card (PCIe® 5.0, 16GB GDDR7, HDMI®/DP 2.1, 3.8-Slot, 4-Fan Design, Axial-tech Fans, Patented Vapor Chamber, Phase-Change GPU Thermal pad)",1635.0,4.5,ASUS,https://www.amazon.com/ASUS-Graphics-3-8-Slot-Axial-tech-Phase-Change/dp/B0DQSD7YQC/ref=sr_1_37?dib=eyJ2IjoiMSJ9.-OfEDU8Vm-40lzzeI0Ec31X8G35jGCuPWK73o4u0cijMPadK9W6WJT5WK56a9hQsjTnKq9VEyNA74MWcVDaOjbZ_CzlreOpC4RXKbr_o6tpFN0YzPpLODGZt3CYlEjfJ82WK7A5b9jutMfHWDMVt8Uyvou4lA8f-iKhGAlboh-y3E3vH1nI38GSL_LPvo-IWH8Eyjx0uyNwnt6bMsm2zKd3xvNnxQa__uN5aXFd3ocY.Ikb2OIUBWpDn2L8rGcZ-Hw338-Mk1ZKQWz4HvtyjhPI&dib_tag=se&keywords=NVIDIA+RTX+5090&qid=1756534210&sr=8-37
"GIGABYTE GeForce RTX 5080 AERO OC SFF 16G Graphics Card, WINDFORCE Cooling System, 16GB 256-bit GDDR7, GV-N5080AERO OC-16GD Video Card",1400.0,4.3,GIGABYTE,https://www.amazon.com/GIGABYTE-Graphics-WINDFORCE-GV-N5080AERO-OC-16GD/dp/B0DT7JVPVH/ref=sr_1_38?dib=eyJ2IjoiMSJ9.-OfEDU8Vm-40lzzeI0Ec31X8G35jGCuPWK73o4u0cijMPadK9W6WJT5WK56a9hQsjTnKq9VEyNA74MWcVDaOjbZ_CzlreOpC4RXKbr_o6tpFN0YzPpLODGZt3CYlEjfJ82WK7A5b9jutMfHWDMVt8Uyvou4lA8f-iKhGAlboh-y3E3vH1nI38GSL_LPvo-IWH8Eyjx0uyNwnt6bMsm2zKd3xvNnxQa__uN5aXFd3ocY.Ikb2OIUBWpDn2L8rGcZ-Hw338-Mk1ZKQWz4HvtyjhPI&dib_tag=se&keywords=NVIDIA+RTX+5090&qid=1756534210&sr=8-38
"ASUS TUF Gaming GeForce RTX 5090 OC Edition 32GB GDDR7 Gaming Graphics Card (Nvidia GeForce RTX5090, 3.6 Slot Design, PCIe 5.0, 2X HDMI 2.1b, 3X DisplayPort 2.1a, TUF-RTX5090-O32G-GAMING)",2879.0,4.2,NVIDIA,https://www.amazon.com/ASUS-GeForce-Graphics-DisplayPort-TUF-RTX5090-O32G-GAMING/dp/B0DTHWSR1X/ref=sr_1_39?dib=eyJ2IjoiMSJ9.-OfEDU8Vm-40lzzeI0Ec31X8G35jGCuPWK73o4u0cijMPadK9W6WJT5WK56a9hQsjTnKq9VEyNA74MWcVDaOjbZ_CzlreOpC4RXKbr_o6tpFN0YzPpLODGZt3CYlEjfJ82WK7A5b9jutMfHWDMVt8Uyvou4lA8f-iKhGAlboh-y3E3vH1nI38GSL_LPvo-IWH8Eyjx0uyNwnt6bMsm2zKd3xvNnxQa__uN5aXFd3ocY.Ikb2OIUBWpDn2L8rGcZ-Hw338-Mk1ZKQWz4HvtyjhPI&dib_tag=se&keywords=NVIDIA+RTX+5090&qid=1756534210&sr=8-39
"Gigabyte AORUS GeForce RTX 5090 Master ICE 32G Graphics Card - 32GB GDDR7, 512bit, PCI-E 5.0, 2655MHz Core Clock, 3 x DP 2.1a, 1 x HDMI 2.1b, NVIDIA DLSS 4, GV-N5090AORUSM ICE-32GD",2939.0,4.2,NVIDIA,https://www.amazon.com/Gigabyte-AORUS-GeForce-Master-Graphics/dp/B0DVCB1NN1/ref=sr_1_40?dib=eyJ2IjoiMSJ9.-OfEDU8Vm-40lzzeI0Ec31X8G35jGCuPWK73o4u0cijMPadK9W6WJT5WK56a9hQsjTnKq9VEyNA74MWcVDaOjbZ_CzlreOpC4RXKbr_o6tpFN0YzPpLODGZt3CYlEjfJ82WK7A5b9jutMfHWDMVt8Uyvou4lA8f-iKhGAlboh-y3E3vH1nI38GSL_LPvo-IWH8Eyjx0uyNwnt6bMsm2zKd3xvNnxQa__uN5aXFd3ocY.Ikb2OIUBWpDn2L8rGcZ-Hw338-Mk1ZKQWz4HvtyjhPI&dib_tag=se&keywords=NVIDIA+RTX+5090&qid=1756534210&sr=8-40
MSI Gaming GeForce RTX 3060 12GB 15 Gbps GDRR6 192-Bit HDMI/DP PCIe 4 Torx Twin Fan Ampere OC Graphics Card,299.0,4.7,MSI,https://www.amazon.com/MSI-GeForce-RTX-3060-12G/dp/B08WPRMVWB/ref=sr_1_42?dib=eyJ2IjoiMSJ9.-OfEDU8Vm-40lzzeI0Ec31X8G35jGCuPWK73o4u0cijMPadK9W6WJT5WK56a9hQsjTnKq9VEyNA74MWcVDaOjbZ_CzlreOpC4RXKbr_o6tpFN0YzPpLODGZt3CYlEjfJ82WK7A5b9jutMfHWDMVt8Uyvou4lA8f-iKhGAlboh-y3E3vH1nI38GSL_LPvo-IWH8Eyjx0uyNwnt6bMsm2zKd3xvNnxQa__uN5aXFd3ocY.Ikb2OIUBWpDn2L8rGcZ-Hw338-Mk1ZKQWz4HvtyjhPI&dib_tag=se&keywords=NVIDIA+RTX+5090&qid=1756534210&sr=8-42
"MSI Gaming RTX 5070 12G Ventus 3X OC Graphics Card (12GB GDDR7, 192-bit, Extreme Performance: 2557 MHz, DisplayPort x3 2.1a, HDMI 2.1b, NVIDIA Blackwell Architecture)",574.0,4.4,NVIDIA,https://www.amazon.com/MSI-Graphics-192-bit-Extreme-Performance/dp/B0DYG7KB27/ref=sr_1_43?dib=eyJ2IjoiMSJ9.-OfEDU8Vm-40lzzeI0Ec31X8G35jGCuPWK73o4u0cijMPadK9W6WJT5WK56a9hQsjTnKq9VEyNA74MWcVDaOjbZ_CzlreOpC4RXKbr_o6tpFN0YzPpLODGZt3CYlEjfJ82WK7A5b9jutMfHWDMVt8Uyvou4lA8f-iKhGAlboh-y3E3vH1nI38GSL_LPvo-IWH8Eyjx0uyNwnt6bMsm2zKd3xvNnxQa__uN5aXFd3ocY.Ikb2OIUBWpDn2L8rGcZ-Hw338-Mk1ZKQWz4HvtyjhPI&dib_tag=se&keywords=NVIDIA+RTX+5090&qid=1756534210&sr=8-43
"GIGABYTE GeForce RTX 5070 WINDFORCE SFF 12G Graphics Card, 12GB 256-bit GDDR7, PCIe 5.0, WINDFORCE Cooling System, GV-N5070WF3-12GD Video Card",549.0,4.7,GIGABYTE,https://www.amazon.com/GIGABYTE-GeForce-WINDFORCE-Graphics-GV-N5070WF3-12GD/dp/B0F72TVCGF/ref=sr_1_45?dib=eyJ2IjoiMSJ9.-OfEDU8Vm-40lzzeI0Ec31X8G35jGCuPWK73o4u0cijMPadK9W6WJT5WK56a9hQsjTnKq9VEyNA74MWcVDaOjbZ_CzlreOpC4RXKbr_o6tpFN0YzPpLODGZt3CYlEjfJ82WK7A5b9jutMfHWDMVt8Uyvou4lA8f-iKhGAlboh-y3E3vH1nI38GSL_LPvo-IWH8Eyjx0uyNwnt6bMsm2zKd3xvNnxQa__uN5aXFd3ocY.Ikb2OIUBWpDn2L8rGcZ-Hw338-Mk1ZKQWz4HvtyjhPI&dib_tag=se&keywords=NVIDIA+RTX+5090&qid=1756534210&sr=8-45
"ASUS ROG Strix GeForce RTX 5070 Ti OC Edition 16GB GDDR7 Graphics Card (PCIe 5.0, HDMI/DP 2.1, 3.2-slot, Axial-tech fans, MaxContact design with vapor chamber, phase-change GPU thermal pad, aura sync)",1079.0,4.6,ASUS,https://www.amazon.com/ASUS-Graphics-Axial-tech-MaxContact-phase-change/dp/B0F8LGTHJD/ref=sr_1_46?dib=eyJ2IjoiMSJ9.-OfEDU8Vm-40lzzeI0Ec31X8G35jGCuPWK73o4u0cijMPadK9W6WJT5WK56a9hQsjTnKq9VEyNA74MWcVDaOjbZ_CzlreOpC4RXKbr_o6tpFN0YzPpLODGZt3CYlEjfJ82WK7A5b9jutMfHWDMVt8Uyvou4lA8f-iKhGAlboh-y3E3vH1nI38GSL_LPvo-IWH8Eyjx0uyNwnt6bMsm2zKd3xvNnxQa__uN5aXFd3ocY.Ikb2OIUBWpDn2L8rGcZ-Hw338-Mk1ZKQWz4HvtyjhPI&dib_tag=se&keywords=NVIDIA+RTX+5090&qid=1756534210&sr=8-46
"MSI Gaming RTX 5080 16G Inspire 3X OC Graphics Card (16GB GDDR7, 256-bit, Extreme Clock TBD MHz, DisplayPort x 3 2.1a, HDMI 2.1b, NVIDIA Blackwell Architecture)",1189.0,5.0,NVIDIA,https://www.amazon.com/MSI-Graphics-DisplayPort-Blackwell-Architecture/dp/B0DSX9Y24P/ref=sr_1_47?dib=eyJ2IjoiMSJ9.-OfEDU8Vm-40lzzeI0Ec31X8G35jGCuPWK73o4u0cijMPadK9W6WJT5WK56a9hQsjTnKq9VEyNA74MWcVDaOjbZ_CzlreOpC4RXKbr_o6tpFN0YzPpLODGZt3CYlEjfJ82WK7A5b9jutMfHWDMVt8Uyvou4lA8f-iKhGAlboh-y3E3vH1nI38GSL_LPvo-IWH8Eyjx0uyNwnt6bMsm2zKd3xvNnxQa__uN5aXFd3ocY.Ikb2OIUBWpDn2L8rGcZ-Hw338-Mk1ZKQWz4HvtyjhPI&dib_tag=se&keywords=NVIDIA+RTX+5090&qid=1756534210&sr=8-47
"GIGABYTE GeForce RTX 3060 Gaming OC 12G (REV2.0) Graphics Card, 3X WINDFORCE Fans, 12GB 192-bit GDDR6, GV-N3060GAMING OC-12GD Video Card",349.0,4.7,GIGABYTE,https://www.amazon.com/GIGABYTE-REV2-0-WINDFORCE-GV-N3060GAMING-OC-12GD/dp/B0971BG25M/ref=sr_1_48?dib=eyJ2IjoiMSJ9.-OfEDU8Vm-40lzzeI0Ec31X8G35jGCuPWK73o4u0cijMPadK9W6WJT5WK56a9hQsjTnKq9VEyNA74MWcVDaOjbZ_CzlreOpC4RXKbr_o6tpFN0YzPpLODGZt3CYlEjfJ82WK7A5b9jutMfHWDMVt8Uyvou4lA8f-iKhGAlboh-y3E3vH1nI38GSL_LPvo-IWH8Eyjx0uyNwnt6bMsm2zKd3xvNnxQa__uN5aXFd3ocY.Ikb2OIUBWpDn2L8rGcZ-Hw338-Mk1ZKQWz4HvtyjhPI&dib_tag=se&keywords=NVIDIA+RTX+5090&qid=1756534210&sr=8-48
"Skytech Legacy 4 Gaming PC Desktop, Ryzen 9 9950X3D 4.3 GHz (5.7GHz Turbo), NVIDIA RTX 5090 32GB, X870 Board, 4TB Gen4 NVMe SSD, 64GB DDR5 RAM 6000 RGB, 1200W Gold ATX 3 PSU, Wi-Fi, Win 11",4699.0,5.0,NVIDIA,https://www.amazon.com/Skytech-Legacy-Gaming-Desktop-9950X3D/dp/B0F214NJZT/ref=sr_1_49?dib=eyJ2IjoiMSJ9.-OfEDU8Vm-40lzzeI0Ec31X8G35jGCuPWK73o4u0cijMPadK9W6WJT5WK56a9hQsjTnKq9VEyNA74MWcVDaOjbZ_CzlreOpC4RXKbr_o6tpFN0YzPpLODGZt3CYlEjfJ82WK7A5b9jutMfHWDMVt8Uyvou4lA8f-iKhGAlboh-y3E3vH1nI38GSL_LPvo-IWH8Eyjx0uyNwnt6bMsm2zKd3xvNnxQa__uN5aXFd3ocY.Ikb2OIUBWpDn2L8rGcZ-Hw338-Mk1ZKQWz4HvtyjhPI&dib_tag=se&keywords=NVIDIA+RTX+5090&qid=1756534210&sr=8-49
"PNY NVIDIA GeForce RTX™ 5090 32GB ARGB Overclocked Triple Fan Graphics Card (DLSS 4, PCIe® 5.0, HDMI®/DP 2.1, 3.5-Slot, Epic-X™ RGB Lighting)",2517.0,4.2,NVIDIA,https://www.amazon.com/sspa/click?ie=UTF8&spc=MTo1OTMyNDY5MjA5NjU1MTQzOjE3NTY1MzQyNTU6c3BfYXRmX25leHQ6MzAwODM0Mjc2MTgxNTAyOjowOjo&url=%2FPNY-Overclocked-Graphics-3-5-Slot-Epic-XTM%2Fdp%2FB0DTJFSSZG%2Fref%3Dsr_1_49_sspa%3Fdib%3DeyJ2IjoiMSJ9.5XzHLAjkfXSTc0tlFdefwB86rl_i9rL0wCdceHIH7XmJ5P-i22N31yluxfE-ifTW84Ky5hByGy0vXomgTNjwUZteaUVoVOnOr2RF4H-TNACqJcodvqdslVqtITxMa0LC5FVJJwx36CpszzsyS2q-oKlHeVvtOqom4Ul0YNShDBfN4pEO7lcaRMYU8arenmtm3DicXX7Mfp7ZUJj8iFWmKL5m2zGwZZcy6zC9eDU1EWA.MkKhkOEmaLF1RpzOKbitUJO_76rcSeJTyYGDlIl0GUE%26dib_tag%3Dse%26keywords%3DNVIDIA%2BRTX%2B5090%26qid%3D1756534255%26sr%3D8-49-spons%26sp_csd%3Dd2lkZ2V0TmFtZT1zcF9hdGZfbmV4dA%26psc%3D1
"MSI RTX 5070 12G Gaming Trio OC Graphics Card (12GB GDDR7, 192-bit, Extreme Performance: 2625 MHz, DisplayPort x3 2.1a, HDMI 2.1b, NVIDIA Blackwell Architecture)",619.0,4.6,NVIDIA,https://www.amazon.com/MSI-Graphics-192-bit-Extreme-Performance/dp/B0DYFXGDJF/ref=sr_1_50?dib=eyJ2IjoiMSJ9.5XzHLAjkfXSTc0tlFdefwB86rl_i9rL0wCdceHIH7XmJ5P-i22N31yluxfE-ifTW84Ky5hByGy0vXomgTNjwUZteaUVoVOnOr2RF4H-TNACqJcodvqdslVqtITxMa0LC5FVJJwx36CpszzsyS2q-oKlHeVvtOqom4Ul0YNShDBfN4pEO7lcaRMYU8arenmtm3DicXX7Mfp7ZUJj8iFWmKL5m2zGwZZcy6zC9eDU1EWA.MkKhkOEmaLF1RpzOKbitUJO_76rcSeJTyYGDlIl0GUE&dib_tag=se&keywords=NVIDIA+RTX+5090&qid=1756534255&sr=8-50
GeForce RTX 5090 GameRock (32GB GDDR7/PCI Express 5.0/2407MHz/28000MHz),3539.0,4.1,Other,https://www.amazon.com/Palit-GeForce-GameRock-Express-28000MHz/dp/B0DVGWLZYN/ref=sr_1_51?dib=eyJ2IjoiMSJ9.5XzHLAjkfXSTc0tlFdefwB86rl_i9rL0wCdceHIH7XmJ5P-i22N31yluxfE-ifTW84Ky5hByGy0vXomgTNjwUZteaUVoVOnOr2RF4H-TNACqJcodvqdslVqtITxMa0LC5FVJJwx36CpszzsyS2q-oKlHeVvtOqom4Ul0YNShDBfN4pEO7lcaRMYU8arenmtm3DicXX7Mfp7ZUJj8iFWmKL5m2zGwZZcy6zC9eDU1EWA.MkKhkOEmaLF1RpzOKbitUJO_76rcSeJTyYGDlIl0GUE&dib_tag=se&keywords=NVIDIA+RTX+5090&qid=1756534255&sr=8-51
"ASUS TUF Gaming GeForce RTX 5090 32GB GDDR7 Gaming Graphics Card (Nvidia GeForce RTX5090, 3.6 Slot Design, PCIe 5.0, 2X HDMI 2.1b, 3X DisplayPort 2.1a, TUF-RTX5090-32G-GAMING)",3178.0,4.4,NVIDIA,https://www.amazon.com/ASUS-GeForce-Graphics-DisplayPort-TUF-RTX5090-32G-GAMING/dp/B0DTHW9MBH/ref=sr_1_52?dib=eyJ2IjoiMSJ9.5XzHLAjkfXSTc0tlFdefwB86rl_i9rL0wCdceHIH7XmJ5P-i22N31yluxfE-ifTW84Ky5hByGy0vXomgTNjwUZteaUVoVOnOr2RF4H-TNACqJcodvqdslVqtITxMa0LC5FVJJwx36CpszzsyS2q-oKlHeVvtOqom4Ul0YNShDBfN4pEO7lcaRMYU8arenmtm3DicXX7Mfp7ZUJj8iFWmKL5m2zGwZZcy6zC9eDU1EWA.MkKhkOEmaLF1RpzOKbitUJO_76rcSeJTyYGDlIl0GUE&dib_tag=se&keywords=NVIDIA+RTX+5090&qid=1756534255&sr=8-52
MSI GeForce RTX 5090 32G Vanguard SOC Graphics Board VD8999,2499.0,4.2,MSI,https://www.amazon.com/GeForce-RTX-5090-32G-SOC/dp/B0DYK4FGLH/ref=sr_1_53?dib=eyJ2IjoiMSJ9.5XzHLAjkfXSTc0tlFdefwB86rl_i9rL0wCdceHIH7XmJ5P-i22N31yluxfE-ifTW84Ky5hByGy0vXomgTNjwUZteaUVoVOnOr2RF4H-TNACqJcodvqdslVqtITxMa0LC5FVJJwx36CpszzsyS2q-oKlHeVvtOqom4Ul0YNShDBfN4pEO7lcaRMYU8arenmtm3DicXX7Mfp7ZUJj8iFWmKL5m2zGwZZcy6zC9eDU1EWA.MkKhkOEmaLF1RpzOKbitUJO_76rcSeJTyYGDlIl0GUE&dib_tag=se&keywords=NVIDIA+RTX+5090&qid=1756534255&sr=8-53
"GPU Support Bracket, Graphics Video Card Brace with Height Adjustable, Anti Sag Holder for Universal Graphics Card Sag, GPU Stand with Magnet and Rubber Pad (Black)",5.0,4.7,Other,https://www.amazon.com/Aivalas-Support-Graphics-Adjustable-Universal/dp/B0BPGJCLYR/ref=sr_1_54?dib=eyJ2IjoiMSJ9.5XzHLAjkfXSTc0tlFdefwB86rl_i9rL0wCdceHIH7XmJ5P-i22N31yluxfE-ifTW84Ky5hByGy0vXomgTNjwUZteaUVoVOnOr2RF4H-TNACqJcodvqdslVqtITxMa0LC5FVJJwx36CpszzsyS2q-oKlHeVvtOqom4Ul0YNShDBfN4pEO7lcaRMYU8arenmtm3DicXX7Mfp7ZUJj8iFWmKL5m2zGwZZcy6zC9eDU1EWA.MkKhkOEmaLF1RpzOKbitUJO_76rcSeJTyYGDlIl0GUE&dib_tag=se&keywords=NVIDIA+RTX+5090&qid=1756534255&sr=8-54
"GIGABYTE GeForce RTX 5070 Gaming OC 12G Graphics Card, 12GB 192-bit GDDR7, PCIe 5.0, WINDFORCE Cooling System, GV-N5070GAMING OC-12GD Video Card",598.0,4.7,GIGABYTE,https://www.amazon.com/GIGABYTE-Graphics-WINDFORCE-GV-N5070GAMING-OC-12GD/dp/B0DTR3JK3Y/ref=sr_1_55?dib=eyJ2IjoiMSJ9.5XzHLAjkfXSTc0tlFdefwB86rl_i9rL0wCdceHIH7XmJ5P-i22N31yluxfE-ifTW84Ky5hByGy0vXomgTNjwUZteaUVoVOnOr2RF4H-TNACqJcodvqdslVqtITxMa0LC5FVJJwx36CpszzsyS2q-oKlHeVvtOqom4Ul0YNShDBfN4pEO7lcaRMYU8arenmtm3DicXX7Mfp7ZUJj8iFWmKL5m2zGwZZcy6zC9eDU1EWA.MkKhkOEmaLF1RpzOKbitUJO_76rcSeJTyYGDlIl0GUE&dib_tag=se&keywords=NVIDIA+RTX+5090&qid=1756534255&sr=8-55
"MSI Ventus 3X FeForce RTX 5090 OC Edition 32 GB GDDR7, PCI Express Gen 5, Core Clocks Extreme: 2452 MHz, CUDA CORES 21760 Units, Memory Speed 28 Gbps, Bundle with HDMI Cable",2954.0,1.0,MSI,https://www.amazon.com/Ventus-FeForce-5090-Express-Extreme/dp/B0F3JSBT9M/ref=sr_1_56?dib=eyJ2IjoiMSJ9.5XzHLAjkfXSTc0tlFdefwB86rl_i9rL0wCdceHIH7XmJ5P-i22N31yluxfE-ifTW84Ky5hByGy0vXomgTNjwUZteaUVoVOnOr2RF4H-TNACqJcodvqdslVqtITxMa0LC5FVJJwx36CpszzsyS2q-oKlHeVvtOqom4Ul0YNShDBfN4pEO7lcaRMYU8arenmtm3DicXX7Mfp7ZUJj8iFWmKL5m2zGwZZcy6zC9eDU1EWA.MkKhkOEmaLF1RpzOKbitUJO_76rcSeJTyYGDlIl0GUE&dib_tag=se&keywords=NVIDIA+RTX+5090&qid=1756534255&sr=8-56
NVIDIA - GeForce RTX 5070 12GB GDDR7 Graphics Card - Graphite Grey,619.0,4.1,NVIDIA,https://www.amazon.com/NVIDIA-GeForce-GDDR7-Graphics-Graphite/dp/B0F7XHBT13/ref=sr_1_57?dib=eyJ2IjoiMSJ9.5XzHLAjkfXSTc0tlFdefwB86rl_i9rL0wCdceHIH7XmJ5P-i22N31yluxfE-ifTW84Ky5hByGy0vXomgTNjwUZteaUVoVOnOr2RF4H-TNACqJcodvqdslVqtITxMa0LC5FVJJwx36CpszzsyS2q-oKlHeVvtOqom4Ul0YNShDBfN4pEO7lcaRMYU8arenmtm3DicXX7Mfp7ZUJj8iFWmKL5m2zGwZZcy6zC9eDU1EWA.MkKhkOEmaLF1RpzOKbitUJO_76rcSeJTyYGDlIl0GUE&dib_tag=se&keywords=NVIDIA+RTX+5090&qid=1756534255&sr=8-57
NVIDIA - GeForce RTX 4080 16GB GDDR6X Graphics Card,1599.0,4.5,NVIDIA,https://www.amazon.com/NVIDIA-GeForce-4080-GDDR6X-Graphics/dp/B0BMZ9TGH1/ref=sr_1_59?dib=eyJ2IjoiMSJ9.5XzHLAjkfXSTc0tlFdefwB86rl_i9rL0wCdceHIH7XmJ5P-i22N31yluxfE-ifTW84Ky5hByGy0vXomgTNjwUZteaUVoVOnOr2RF4H-TNACqJcodvqdslVqtITxMa0LC5FVJJwx36CpszzsyS2q-oKlHeVvtOqom4Ul0YNShDBfN4pEO7lcaRMYU8arenmtm3DicXX7Mfp7ZUJj8iFWmKL5m2zGwZZcy6zC9eDU1EWA.MkKhkOEmaLF1RpzOKbitUJO_76rcSeJTyYGDlIl0GUE&dib_tag=se&keywords=NVIDIA+RTX+5090&qid=1756534255&sr=8-59
"Gigabyte GeForce RTX 5080 Gaming OC 16G Graphics Card - 16GB GDDR7, 256bit, PCI-E 5.0, 2730MHz Core Clock, 3 x DisplayPort, 1 x HDMI, GV-N5080GAMING OC-16GD",1459.0,4.4,GIGABYTE,https://www.amazon.com/Gigabyte-GeForce-5080-Gaming-Graphics/dp/B0DSQ1RCZV/ref=sr_1_60?dib=eyJ2IjoiMSJ9.5XzHLAjkfXSTc0tlFdefwB86rl_i9rL0wCdceHIH7XmJ5P-i22N31yluxfE-ifTW84Ky5hByGy0vXomgTNjwUZteaUVoVOnOr2RF4H-TNACqJcodvqdslVqtITxMa0LC5FVJJwx36CpszzsyS2q-oKlHeVvtOqom4Ul0YNShDBfN4pEO7lcaRMYU8arenmtm3DicXX7Mfp7ZUJj8iFWmKL5m2zGwZZcy6zC9eDU1EWA.MkKhkOEmaLF1RpzOKbitUJO_76rcSeJTyYGDlIl0GUE&dib_tag=se&keywords=NVIDIA+RTX+5090&qid=1756534255&sr=8-60
"ASUS Dual GeForce RTX™ 5060 Ti 16GB GDDR7 OC Edition (PCIe 5.0, 16GB GDDR7, DLSS 4, HDMI 2.1b, DisplayPort 2.1b, 2.5-Slot Design, Axial-tech Fan Design, 0dB Technology, and More)",479.0,4.6,ASUS,https://www.amazon.com/ASUS-DisplayPort-2-5-Slot-Axial-tech-Technology/dp/B0F7WB6LSH/ref=sr_1_61?dib=eyJ2IjoiMSJ9.5XzHLAjkfXSTc0tlFdefwB86rl_i9rL0wCdceHIH7XmJ5P-i22N31yluxfE-ifTW84Ky5hByGy0vXomgTNjwUZteaUVoVOnOr2RF4H-TNACqJcodvqdslVqtITxMa0LC5FVJJwx36CpszzsyS2q-oKlHeVvtOqom4Ul0YNShDBfN4pEO7lcaRMYU8arenmtm3DicXX7Mfp7ZUJj8iFWmKL5m2zGwZZcy6zC9eDU1EWA.MkKhkOEmaLF1RpzOKbitUJO_76rcSeJTyYGDlIl0GUE&dib_tag=se&keywords=NVIDIA+RTX+5090&qid=1756534255&sr=8-61
"Gigabyte AORUS GeForce RTX 5090 Stealth ICE 32G Graphics Card - 32GB GDDR7, 512bit, PCI-E 5.0, 2655MHz Core Frequency, 3 x DP 2.1a, 1 x HDMI 2.1b, NVIDIA DLSS 4, GV-N5090AORUSST ICE-32GD",3401.0,5.0,NVIDIA,https://www.amazon.com/Gigabyte-AORUS-GeForce-Stealth-Graphics/dp/B0FFMWXCQD/ref=sr_1_62?dib=eyJ2IjoiMSJ9.5XzHLAjkfXSTc0tlFdefwB86rl_i9rL0wCdceHIH7XmJ5P-i22N31yluxfE-ifTW84Ky5hByGy0vXomgTNjwUZteaUVoVOnOr2RF4H-TNACqJcodvqdslVqtITxMa0LC5FVJJwx36CpszzsyS2q-oKlHeVvtOqom4Ul0YNShDBfN4pEO7lcaRMYU8arenmtm3DicXX7Mfp7ZUJj8iFWmKL5m2zGwZZcy6zC9eDU1EWA.MkKhkOEmaLF1RpzOKbitUJO_76rcSeJTyYGDlIl0GUE&dib_tag=se&keywords=NVIDIA+RTX+5090&qid=1756534255&sr=8-62
"MSI Ventus 3X FeForce RTX 5090 OC Edition 32 GB GDDR7, PCI Express Gen 5, Core Clocks Extreme: 2452 MHz, CUDA CORES 21760 Units, Memory Speed 28 Gbps, Bundle with Targus Universal Docking Station",3369.0,1.0,MSI,https://www.amazon.com/MSI-3X-FeForce-OC-Express/dp/B0F3PZSHY2/ref=sr_1_64?dib=eyJ2IjoiMSJ9.5XzHLAjkfXSTc0tlFdefwB86rl_i9rL0wCdceHIH7XmJ5P-i22N31yluxfE-ifTW84Ky5hByGy0vXomgTNjwUZteaUVoVOnOr2RF4H-TNACqJcodvqdslVqtITxMa0LC5FVJJwx36CpszzsyS2q-oKlHeVvtOqom4Ul0YNShDBfN4pEO7lcaRMYU8arenmtm3DicXX7Mfp7ZUJj8iFWmKL5m2zGwZZcy6zC9eDU1EWA.MkKhkOEmaLF1RpzOKbitUJO_76rcSeJTyYGDlIl0GUE&dib_tag=se&keywords=NVIDIA+RTX+5090&qid=1756534255&sr=8-64
"PNY NVIDIA GeForce RTX™ 5090 32GB ARGB Overclocked Triple Fan Graphics Card (DLSS 4, PCIe® 5.0, HDMI®/DP 2.1, 3.5-Slot, Epic-X™ RGB Lighting)",2517.0,4.2,NVIDIA,https://www.amazon.com/sspa/click?ie=UTF8&spc=MToyMzk0MDgxMDg5NzA5MTMxOjE3NTY1MzQyOTY6c3BfYXRmX25leHQ6MzAwODM0Mjc2MTgxNTAyOjowOjo&url=%2FPNY-Overclocked-Graphics-3-5-Slot-Epic-XTM%2Fdp%2FB0DTJFSSZG%2Fref%3Dsr_1_65_sspa%3Fdib%3DeyJ2IjoiMSJ9.Xb_O9AtW_9sz1TW0JSvmhXxMnVOWssf3As0i241D7VYxEPWGQEnoNVGzJvFrVulbRr0UTYbYzagXuhQFhjhusBzSss0SYiFz-rY_MEdEyPZeaNtHj3QVls9hAzChZoVXJZlku7nKF1JW_ffd0dMuKEJSWk7htG8REm0tOHYNSg4EGPLpcQ3pDBESH6vqlgV6SB_hg7ctu3nPmxTxTFJTgA3FePCnE697ZuJdpfdy5yE.kcrb7Qj3WWGc7E3-xCoj3Kd4CV8eUlw-ivj4YqDnh0s%26dib_tag%3Dse%26keywords%3DNVIDIA%2BRTX%2B5090%26qid%3D1756534296%26sr%3D8-65-spons%26sp_csd%3Dd2lkZ2V0TmFtZT1zcF9hdGZfbmV4dA%26psc%3D1
"Gigabyte Aorus GeForce RTX 5090 Xtreme Waterforce WB 32G Graphics Card - 32 GB GDDR7, 512 Bit, PCI-E 5.0, 2655 MHz Core Frequency, 3 x DP 2.1a, 1 x HDMI 2.1b, NVIDIA DLSS 4, GV-N5090AORUSX WB-32 GD",3401.0,5.0,NVIDIA,https://www.amazon.com/Gigabyte-GeForce-Xtreme-Waterforce-Graphics/dp/B0DVCCBLBP/ref=sr_1_66?dib=eyJ2IjoiMSJ9.Xb_O9AtW_9sz1TW0JSvmhXxMnVOWssf3As0i241D7VYxEPWGQEnoNVGzJvFrVulbRr0UTYbYzagXuhQFhjhusBzSss0SYiFz-rY_MEdEyPZeaNtHj3QVls9hAzChZoVXJZlku7nKF1JW_ffd0dMuKEJSWk7htG8REm0tOHYNSg4EGPLpcQ3pDBESH6vqlgV6SB_hg7ctu3nPmxTxTFJTgA3FePCnE697ZuJdpfdy5yE.kcrb7Qj3WWGc7E3-xCoj3Kd4CV8eUlw-ivj4YqDnh0s&dib_tag=se&keywords=NVIDIA+RTX+5090&qid=1756534296&sr=8-66
"GIGABYTE GeForce RTX 5080 WINDFORCE OC SFF 16G Graphics Card, WINDFORCE Cooling System, 16GB 256-bit GDDR7, GV-N5080WF3OC-16GD Video Card",1299.0,4.6,GIGABYTE,https://www.amazon.com/GIGABYTE-GeForce-WINDFORCE-Graphics-GV-N5080WF3OC-16GD/dp/B0DS2R7N4F/ref=sr_1_67?dib=eyJ2IjoiMSJ9.Xb_O9AtW_9sz1TW0JSvmhXxMnVOWssf3As0i241D7VYxEPWGQEnoNVGzJvFrVulbRr0UTYbYzagXuhQFhjhusBzSss0SYiFz-rY_MEdEyPZeaNtHj3QVls9hAzChZoVXJZlku7nKF1JW_ffd0dMuKEJSWk7htG8REm0tOHYNSg4EGPLpcQ3pDBESH6vqlgV6SB_hg7ctu3nPmxTxTFJTgA3FePCnE697ZuJdpfdy5yE.kcrb7Qj3WWGc7E3-xCoj3Kd4CV8eUlw-ivj4YqDnh0s&dib_tag=se&keywords=NVIDIA+RTX+5090&qid=1756534296&sr=8-67
"ZOTAC Gaming GeForce RTX 5080 Solid OC DLSS 4 16GB GDDR7 256-bit 30 Gbps PCIE 5.0 Gaming Graphics Card, IceStorm 3.0 Advanced Cooling, Spectra 2.0 ARGB Lighting, ZT-B50800J-10P",1249.0,4.7,ZOTAC,https://www.amazon.com/ZOTAC-Graphics-IceStorm-Advanced-ZT-B50800J-10P/dp/B0DTZ48TCY/ref=sr_1_69?dib=eyJ2IjoiMSJ9.Xb_O9AtW_9sz1TW0JSvmhXxMnVOWssf3As0i241D7VYxEPWGQEnoNVGzJvFrVulbRr0UTYbYzagXuhQFhjhusBzSss0SYiFz-rY_MEdEyPZeaNtHj3QVls9hAzChZoVXJZlku7nKF1JW_ffd0dMuKEJSWk7htG8REm0tOHYNSg4EGPLpcQ3pDBESH6vqlgV6SB_hg7ctu3nPmxTxTFJTgA3FePCnE697ZuJdpfdy5yE.kcrb7Qj3WWGc7E3-xCoj3Kd4CV8eUlw-ivj4YqDnh0s&dib_tag=se&keywords=NVIDIA+RTX+5090&qid=1756534296&sr=8-69
"ASUS The SFF-Ready Prime GeForce RTX™ 5070 12GB GDDR7 White OC Edition Graphics Card (PCIe® 5.0, 12GB GDDR7, HDMI®/DP 2.1, 2.5-Slot, Axial-tech Fans, Dual BIOS)",709.0,5.0,ASUS,https://www.amazon.com/ASUS-SFF-Ready-Graphics-2-5-Slot-Axial-tech/dp/B0FFKWFMYM/ref=sr_1_70?dib=eyJ2IjoiMSJ9.Xb_O9AtW_9sz1TW0JSvmhXxMnVOWssf3As0i241D7VYxEPWGQEnoNVGzJvFrVulbRr0UTYbYzagXuhQFhjhusBzSss0SYiFz-rY_MEdEyPZeaNtHj3QVls9hAzChZoVXJZlku7nKF1JW_ffd0dMuKEJSWk7htG8REm0tOHYNSg4EGPLpcQ3pDBESH6vqlgV6SB_hg7ctu3nPmxTxTFJTgA3FePCnE697ZuJdpfdy5yE.kcrb7Qj3WWGc7E3-xCoj3Kd4CV8eUlw-ivj4YqDnh0s&dib_tag=se&keywords=NVIDIA+RTX+5090&qid=1756534296&sr=8-70
"ASUS Dual NVIDIA GeForce RTX 3050 6GB OC Edition Gaming Graphics Card - PCIe 4.0, 6GB GDDR6 Memory, HDMI 2.1, DisplayPort 1.4a, 2-Slot Design, Axial-tech Fan Design, 0dB Technology, Steel Bracket",199.0,4.6,NVIDIA,https://www.amazon.com/ASUS-NVIDIA-GeForce-Gaming-Graphics/dp/B0CVCG2VPK/ref=sr_1_71?dib=eyJ2IjoiMSJ9.Xb_O9AtW_9sz1TW0JSvmhXxMnVOWssf3As0i241D7VYxEPWGQEnoNVGzJvFrVulbRr0UTYbYzagXuhQFhjhusBzSss0SYiFz-rY_MEdEyPZeaNtHj3QVls9hAzChZoVXJZlku7nKF1JW_ffd0dMuKEJSWk7htG8REm0tOHYNSg4EGPLpcQ3pDBESH6vqlgV6SB_hg7ctu3nPmxTxTFJTgA3FePCnE697ZuJdpfdy5yE.kcrb7Qj3WWGc7E3-xCoj3Kd4CV8eUlw-ivj4YqDnh0s&dib_tag=se&keywords=NVIDIA+RTX+5090&qid=1756534296&sr=8-71
VIPERA NVIDIA GeForce RTX 4090 Founders Edition Graphic Card,3129.0,4.6,NVIDIA,https://www.amazon.com/NVIDIA-GeForce-Founders-Graphics-GDDR6X/dp/B0BJFRT43X/ref=sr_1_72?dib=eyJ2IjoiMSJ9.Xb_O9AtW_9sz1TW0JSvmhXxMnVOWssf3As0i241D7VYxEPWGQEnoNVGzJvFrVulbRr0UTYbYzagXuhQFhjhusBzSss0SYiFz-rY_MEdEyPZeaNtHj3QVls9hAzChZoVXJZlku7nKF1JW_ffd0dMuKEJSWk7htG8REm0tOHYNSg4EGPLpcQ3pDBESH6vqlgV6SB_hg7ctu3nPmxTxTFJTgA3FePCnE697ZuJdpfdy5yE.kcrb7Qj3WWGc7E3-xCoj3Kd4CV8eUlw-ivj4YqDnh0s&dib_tag=se&keywords=NVIDIA+RTX+5090&qid=1756534296&sr=8-72
"PNY NVIDIA GeForce RTX™ 5060 Ti 16GB Overclocked Dual Fan Graphics Card (DLSS 4, PCIe® 5.0, HDMI®/DP 2.1, 2-Slot)",429.0,4.3,NVIDIA,https://www.amazon.com/PNY-NVIDIA-GeForce-Overclocked-Graphics/dp/B0F4Y6N6PW/ref=sr_1_74?dib=eyJ2IjoiMSJ9.Xb_O9AtW_9sz1TW0JSvmhXxMnVOWssf3As0i241D7VYxEPWGQEnoNVGzJvFrVulbRr0UTYbYzagXuhQFhjhusBzSss0SYiFz-rY_MEdEyPZeaNtHj3QVls9hAzChZoVXJZlku7nKF1JW_ffd0dMuKEJSWk7htG8REm0tOHYNSg4EGPLpcQ3pDBESH6vqlgV6SB_hg7ctu3nPmxTxTFJTgA3FePCnE697ZuJdpfdy5yE.kcrb7Qj3WWGc7E3-xCoj3Kd4CV8eUlw-ivj4YqDnh0s&dib_tag=se&keywords=NVIDIA+RTX+5090&qid=1756534296&sr=8-74
NVIDIA GeForce RTX 3090 Founders Edition Graphics Card (Renewed),1049.0,3.7,NVIDIA,https://www.amazon.com/NVIDIA-GeForce-Founders-Graphics-Renewed/dp/B09GWB753L/ref=sr_1_75?dib=eyJ2IjoiMSJ9.Xb_O9AtW_9sz1TW0JSvmhXxMnVOWssf3As0i241D7VYxEPWGQEnoNVGzJvFrVulbRr0UTYbYzagXuhQFhjhusBzSss0SYiFz-rY_MEdEyPZeaNtHj3QVls9hAzChZoVXJZlku7nKF1JW_ffd0dMuKEJSWk7htG8REm0tOHYNSg4EGPLpcQ3pDBESH6vqlgV6SB_hg7ctu3nPmxTxTFJTgA3FePCnE697ZuJdpfdy5yE.kcrb7Qj3WWGc7E3-xCoj3Kd4CV8eUlw-ivj4YqDnh0s&dib_tag=se&keywords=NVIDIA+RTX+5090&qid=1756534296&sr=8-75
"MSI Gaming RTX 5080 16G Gaming Trio OC Graphics Card (16GB GDDR7, 256-bit, Extreme Performance: 2715 MHz, DisplayPort x 3 2.1a, HDMI 2.1b, NVIDIA Blackwell Architecture)",1299.0,4.0,NVIDIA,https://www.amazon.com/MSI-Graphics-256-bit-Extreme-Performance/dp/B0DSXNXTSS/ref=sr_1_76?dib=eyJ2IjoiMSJ9.Xb_O9AtW_9sz1TW0JSvmhXxMnVOWssf3As0i241D7VYxEPWGQEnoNVGzJvFrVulbRr0UTYbYzagXuhQFhjhusBzSss0SYiFz-rY_MEdEyPZeaNtHj3QVls9hAzChZoVXJZlku7nKF1JW_ffd0dMuKEJSWk7htG8REm0tOHYNSg4EGPLpcQ3pDBESH6vqlgV6SB_hg7ctu3nPmxTxTFJTgA3FePCnE697ZuJdpfdy5yE.kcrb7Qj3WWGc7E3-xCoj3Kd4CV8eUlw-ivj4YqDnh0s&dib_tag=se&keywords=NVIDIA+RTX+5090&qid=1756534296&sr=8-76
"ASUS Dual NVIDIA GeForce RTX 3060 V2 OC Edition 12GB GDDR6 Gaming Graphics Card (PCIe 4.0, 12GB GDDR6 Memory, HDMI 2.1, DisplayPort 1.4a, 2-Slot, Axial-tech Fan Design, 0dB Technology)",329.0,4.7,NVIDIA,https://www.amazon.com/ASUS-Graphics-DisplayPort-Axial-tech-Technology/dp/B0985X2YR1/ref=sr_1_77?dib=eyJ2IjoiMSJ9.Xb_O9AtW_9sz1TW0JSvmhXxMnVOWssf3As0i241D7VYxEPWGQEnoNVGzJvFrVulbRr0UTYbYzagXuhQFhjhusBzSss0SYiFz-rY_MEdEyPZeaNtHj3QVls9hAzChZoVXJZlku7nKF1JW_ffd0dMuKEJSWk7htG8REm0tOHYNSg4EGPLpcQ3pDBESH6vqlgV6SB_hg7ctu3nPmxTxTFJTgA3FePCnE697ZuJdpfdy5yE.kcrb7Qj3WWGc7E3-xCoj3Kd4CV8eUlw-ivj4YqDnh0s&dib_tag=se&keywords=NVIDIA+RTX+5090&qid=1756534296&sr=8-77
"Skytech Legacy 4 Gaming PC Desktop, Ryzen 9 9950X3D 4.3 GHz (5.7GHz Turbo), NVIDIA RTX 5090 32GB, X870 Board, 2TB Gen5 NVMe SSD, 64GB DDR5 RAM 6000 RGB, 1200W Gold ATX 3 PSU, Wi-Fi, Win 11",5116.0,5.0,NVIDIA,https://www.amazon.com/Skytech-Legacy-Gaming-Desktop-9950X3D/dp/B0DTYCPM5Y/ref=sr_1_78?dib=eyJ2IjoiMSJ9.Xb_O9AtW_9sz1TW0JSvmhXxMnVOWssf3As0i241D7VYxEPWGQEnoNVGzJvFrVulbRr0UTYbYzagXuhQFhjhusBzSss0SYiFz-rY_MEdEyPZeaNtHj3QVls9hAzChZoVXJZlku7nKF1JW_ffd0dMuKEJSWk7htG8REm0tOHYNSg4EGPLpcQ3pDBESH6vqlgV6SB_hg7ctu3nPmxTxTFJTgA3FePCnE697ZuJdpfdy5yE.kcrb7Qj3WWGc7E3-xCoj3Kd4CV8eUlw-ivj4YqDnh0s&dib_tag=se&keywords=NVIDIA+RTX+5090&qid=1756534296&sr=8-78
"GIGABYTE GeForce RTX 4090 Gaming OC 24G Graphics Card, 3X WINDFORCE Fans, 24GB 384-bit GDDR6X, GV-N4090GAMING OC-24GD Video Card",3099.0,4.3,GIGABYTE,https://www.amazon.com/Gigabyte-Graphics-WINDFORCE-GV-N4090GAMING-OC-24GD/dp/B0BGP8FGNZ/ref=sr_1_80?dib=eyJ2IjoiMSJ9.Xb_O9AtW_9sz1TW0JSvmhXxMnVOWssf3As0i241D7VYxEPWGQEnoNVGzJvFrVulbRr0UTYbYzagXuhQFhjhusBzSss0SYiFz-rY_MEdEyPZeaNtHj3QVls9hAzChZoVXJZlku7nKF1JW_ffd0dMuKEJSWk7htG8REm0tOHYNSg4EGPLpcQ3pDBESH6vqlgV6SB_hg7ctu3nPmxTxTFJTgA3FePCnE697ZuJdpfdy5yE.kcrb7Qj3WWGc7E3-xCoj3Kd4CV8eUlw-ivj4YqDnh0s&dib_tag=se&keywords=NVIDIA+RTX+5090&qid=1756534296&sr=8-80
"Skytech Legacy 4 Gaming PC Desktop, Ultra 9 285K 3.7 GHz(5.7 GHz Turbo), NVIDIA RTX 5090 32GB, Z890 Board, 2TB Gen5 NVMe SSD, 64GB DDR5 RAM, 1200W Gold PSU, 420mm ARGB AIO, Wi-Fi, Win 11",4649.0,5.0,NVIDIA,https://www.amazon.com/Skytech-Legacy-Gaming-Desktop-NVIDIA/dp/B0DTY2P2ZK/ref=sr_1_81?dib=eyJ2IjoiMSJ9.Xb_O9AtW_9sz1TW0JSvmhXxMnVOWssf3As0i241D7VYxEPWGQEnoNVGzJvFrVulbRr0UTYbYzagXuhQFhjhusBzSss0SYiFz-rY_MEdEyPZeaNtHj3QVls9hAzChZoVXJZlku7nKF1JW_ffd0dMuKEJSWk7htG8REm0tOHYNSg4EGPLpcQ3pDBESH6vqlgV6SB_hg7ctu3nPmxTxTFJTgA3FePCnE697ZuJdpfdy5yE.kcrb7Qj3WWGc7E3-xCoj3Kd4CV8eUlw-ivj4YqDnh0s&dib_tag=se&keywords=NVIDIA+RTX+5090&qid=1756534296&sr=8-81
"PNY NVIDIA GeForce RTX™ 5090 32GB ARGB Overclocked Triple Fan Graphics Card (DLSS 4, PCIe® 5.0, HDMI®/DP 2.1, 3.5-Slot, Epic-X™ RGB Lighting)",2517.0,4.2,NVIDIA,https://www.amazon.com/sspa/click?ie=UTF8&spc=MTo0MzU5NDE2NTEzOTE2MTI5OjE3NTY1MzQzNDE6c3BfYXRmX25leHQ6MzAwODM0Mjc2MTgxNTAyOjowOjo&url=%2FPNY-Overclocked-Graphics-3-5-Slot-Epic-XTM%2Fdp%2FB0DTJFSSZG%2Fref%3Dsr_1_81_sspa%3Fdib%3DeyJ2IjoiMSJ9.DzoufdesyCmZjDVd9SKcvLZ1s52x8YvSGa_Zc7amGGNOECFTLefWZbZ_tF2qRlE4k0r80XLeyR06lJdvbY1BkFgiwAEC9xIUiCQPFeI-KeRsF6tOl9yexHkOkDbaF9i47BhPAxeQOErDdDgUASLsa8obowtX1Ps8TLrsu95XO3czLWTPPvcxZUk9YKzVBwzW9_GtFSlvYAB-9acYOF3KUoCUklFjNvgT4FevoNYZ-2E.vS_0fmnCV0aJi5KDYjb5u4DhYq8HUhDaGiwOJEbELSQ%26dib_tag%3Dse%26keywords%3DNVIDIA%2BRTX%2B5090%26qid%3D1756534341%26sr%3D8-81-spons%26sp_csd%3Dd2lkZ2V0TmFtZT1zcF9hdGZfbmV4dA%26psc%3D1
"Skytech Prism 4 Gaming PC Desktop, Ryzen 7 9800X3D 4.7 GHz (5.2 GHz Turbo), NVIDIA RTX 5090 32GB, X870 Board, 2TB Gen4 NVMe SSD, 64GB DDR5 RAM 6000 RGB, 1200W Gold ATX 3 PSU, Wi-Fi, Win 11",4799.0,5.0,NVIDIA,https://www.amazon.com/Skytech-Gaming-Desktop-9800X3D-NVIDIA/dp/B0F93WFKS2/ref=sr_1_83?dib=eyJ2IjoiMSJ9.DzoufdesyCmZjDVd9SKcvLZ1s52x8YvSGa_Zc7amGGNOECFTLefWZbZ_tF2qRlE4k0r80XLeyR06lJdvbY1BkFgiwAEC9xIUiCQPFeI-KeRsF6tOl9yexHkOkDbaF9i47BhPAxeQOErDdDgUASLsa8obowtX1Ps8TLrsu95XO3czLWTPPvcxZUk9YKzVBwzW9_GtFSlvYAB-9acYOF3KUoCUklFjNvgT4FevoNYZ-2E.vS_0fmnCV0aJi5KDYjb5u4DhYq8HUhDaGiwOJEbELSQ&dib_tag=se&keywords=NVIDIA+RTX+5090&qid=1756534341&sr=8-83
PNY GeForce RTX™ 5080 Triple Fan,1087.0,4.1,PNY,https://www.amazon.com/PNY-GeForce-RTXTM-5080-Triple/dp/B0DYRZZJZ1/ref=sr_1_84?dib=eyJ2IjoiMSJ9.DzoufdesyCmZjDVd9SKcvLZ1s52x8YvSGa_Zc7amGGNOECFTLefWZbZ_tF2qRlE4k0r80XLeyR06lJdvbY1BkFgiwAEC9xIUiCQPFeI-KeRsF6tOl9yexHkOkDbaF9i47BhPAxeQOErDdDgUASLsa8obowtX1Ps8TLrsu95XO3czLWTPPvcxZUk9YKzVBwzW9_GtFSlvYAB-9acYOF3KUoCUklFjNvgT4FevoNYZ-2E.vS_0fmnCV0aJi5KDYjb5u4DhYq8HUhDaGiwOJEbELSQ&dib_tag=se&keywords=NVIDIA+RTX+5090&qid=1756534341&sr=8-84
"GIGABYTE GeForce RTX 5060 Ti WINDFORCE MAX OC 16G Graphics Card, 16GB 128-bit GDDR7, PCIe 5.0, WINDFORCE Cooling System, GV-N506TWF2MAX OC-16GD Video Card",449.0,4.7,GIGABYTE,https://www.amazon.com/GIGABYTE-WINDFORCE-Graphics-GV-N506TWF2MAX-OC-16GD/dp/B0FFQ8P2HK/ref=sr_1_85?dib=eyJ2IjoiMSJ9.DzoufdesyCmZjDVd9SKcvLZ1s52x8YvSGa_Zc7amGGNOECFTLefWZbZ_tF2qRlE4k0r80XLeyR06lJdvbY1BkFgiwAEC9xIUiCQPFeI-KeRsF6tOl9yexHkOkDbaF9i47BhPAxeQOErDdDgUASLsa8obowtX1Ps8TLrsu95XO3czLWTPPvcxZUk9YKzVBwzW9_GtFSlvYAB-9acYOF3KUoCUklFjNvgT4FevoNYZ-2E.vS_0fmnCV0aJi5KDYjb5u4DhYq8HUhDaGiwOJEbELSQ&dib_tag=se&keywords=NVIDIA+RTX+5090&qid=1756534341&sr=8-85
"Lenovo Legion Pro 7i Gen 10 (2025 Model) Gaming Laptop, 16"" OLED 16:10 2.5K 500nits 240Hz, NVIDIA® GeForce RTX™ RTX 5090, Intel Core Ultra 9 275HX, 32GB DDR5-6400, 1TB SSD, Wi-Fi 7, Per-Key RGB",3579.0,5.0,NVIDIA,https://www.amazon.com/Lenovo-Legion-Model-Gaming-Laptop/dp/B0DXXY2B4V/ref=sr_1_86?dib=eyJ2IjoiMSJ9.DzoufdesyCmZjDVd9SKcvLZ1s52x8YvSGa_Zc7amGGNOECFTLefWZbZ_tF2qRlE4k0r80XLeyR06lJdvbY1BkFgiwAEC9xIUiCQPFeI-KeRsF6tOl9yexHkOkDbaF9i47BhPAxeQOErDdDgUASLsa8obowtX1Ps8TLrsu95XO3czLWTPPvcxZUk9YKzVBwzW9_GtFSlvYAB-9acYOF3KUoCUklFjNvgT4FevoNYZ-2E.vS_0fmnCV0aJi5KDYjb5u4DhYq8HUhDaGiwOJEbELSQ&dib_tag=se&keywords=NVIDIA+RTX+5090&qid=1756534341&sr=8-86
"GIGABYTE GeForce RTX 5070 AERO OC 12G Graphics Card, 12GB 192-bit GDDR7, PCIe 5.0, WINDFORCE Cooling System, GV-N5070AERO OC-12GD Video Card",673.0,4.8,GIGABYTE,https://www.amazon.com/GIGABYTE-Graphics-WINDFORCE-GV-N5070AERO-OC-12GD/dp/B0DTR54HZZ/ref=sr_1_87?dib=eyJ2IjoiMSJ9.DzoufdesyCmZjDVd9SKcvLZ1s52x8YvSGa_Zc7amGGNOECFTLefWZbZ_tF2qRlE4k0r80XLeyR06lJdvbY1BkFgiwAEC9xIUiCQPFeI-KeRsF6tOl9yexHkOkDbaF9i47BhPAxeQOErDdDgUASLsa8obowtX1Ps8TLrsu95XO3czLWTPPvcxZUk9YKzVBwzW9_GtFSlvYAB-9acYOF3KUoCUklFjNvgT4FevoNYZ-2E.vS_0fmnCV0aJi5KDYjb5u4DhYq8HUhDaGiwOJEbELSQ&dib_tag=se&keywords=NVIDIA+RTX+5090&qid=1756534341&sr=8-87
PNY NVIDIA RTX 6000 ADA,7159.0,5.0,NVIDIA,https://www.amazon.com/PNY-NVIDIA-RTX-6000-ADA/dp/B0BNYR4VX8/ref=sr_1_88?dib=eyJ2IjoiMSJ9.DzoufdesyCmZjDVd9SKcvLZ1s52x8YvSGa_Zc7amGGNOECFTLefWZbZ_tF2qRlE4k0r80XLeyR06lJdvbY1BkFgiwAEC9xIUiCQPFeI-KeRsF6tOl9yexHkOkDbaF9i47BhPAxeQOErDdDgUASLsa8obowtX1Ps8TLrsu95XO3czLWTPPvcxZUk9YKzVBwzW9_GtFSlvYAB-9acYOF3KUoCUklFjNvgT4FevoNYZ-2E.vS_0fmnCV0aJi5KDYjb5u4DhYq8HUhDaGiwOJEbELSQ&dib_tag=se&keywords=NVIDIA+RTX+5090&qid=1756534341&sr=8-88
"GIGABYTE GeForce RTX 5060 WINDFORCE 8G Graphics Card, 8GB 128-bit GDDR7, PCIe 5.0, WINDFORCE Cooling System, GV-N5060WF2-8GD Video Card",299.0,4.7,GIGABYTE,https://www.amazon.com/GIGABYTE-GeForce-WINDFORCE-Graphics-GV-N5060WF2-8GD/dp/B0F8LPDVPQ/ref=sr_1_90?dib=eyJ2IjoiMSJ9.DzoufdesyCmZjDVd9SKcvLZ1s52x8YvSGa_Zc7amGGNOECFTLefWZbZ_tF2qRlE4k0r80XLeyR06lJdvbY1BkFgiwAEC9xIUiCQPFeI-KeRsF6tOl9yexHkOkDbaF9i47BhPAxeQOErDdDgUASLsa8obowtX1Ps8TLrsu95XO3czLWTPPvcxZUk9YKzVBwzW9_GtFSlvYAB-9acYOF3KUoCUklFjNvgT4FevoNYZ-2E.vS_0fmnCV0aJi5KDYjb5u4DhYq8HUhDaGiwOJEbELSQ&dib_tag=se&keywords=NVIDIA+RTX+5090&qid=1756534341&sr=8-90
"HP OMEN 45L GT22 RTX 5090 Gaming Desktop, Intel Ultra 9 285K, NVIDIA RTX 5090, 32GB DDR5 RAM, 2TB SSD, RGB Light Studio & Gaming Hub,Wi-Fi 6, W11H, Bundle with Lexar SL660 512GB Portable SSD",4899.0,5.0,NVIDIA,https://www.amazon.com/HP-Gaming-Desktop-NVIDIA-Portable/dp/B0FGQ6CDRB/ref=sr_1_91?dib=eyJ2IjoiMSJ9.DzoufdesyCmZjDVd9SKcvLZ1s52x8YvSGa_Zc7amGGNOECFTLefWZbZ_tF2qRlE4k0r80XLeyR06lJdvbY1BkFgiwAEC9xIUiCQPFeI-KeRsF6tOl9yexHkOkDbaF9i47BhPAxeQOErDdDgUASLsa8obowtX1Ps8TLrsu95XO3czLWTPPvcxZUk9YKzVBwzW9_GtFSlvYAB-9acYOF3KUoCUklFjNvgT4FevoNYZ-2E.vS_0fmnCV0aJi5KDYjb5u4DhYq8HUhDaGiwOJEbELSQ&dib_tag=se&keywords=NVIDIA+RTX+5090&qid=1756534341&sr=8-91
"MSI Gaming RTX 5080 16G SUPRIM Liquid SOC Graphics Card (16GB GDDR7, 256-bit, Extreme Performance: 2760 MHz, DisplayPort x 3 2.1a, HDMI 2.1b, NVIDIA Blackwell Architecture)",1469.0,4.3,NVIDIA,https://www.amazon.com/MSI-Graphics-256-bit-Extreme-Performance/dp/B0DSWR8WMB/ref=sr_1_92?dib=eyJ2IjoiMSJ9.DzoufdesyCmZjDVd9SKcvLZ1s52x8YvSGa_Zc7amGGNOECFTLefWZbZ_tF2qRlE4k0r80XLeyR06lJdvbY1BkFgiwAEC9xIUiCQPFeI-KeRsF6tOl9yexHkOkDbaF9i47BhPAxeQOErDdDgUASLsa8obowtX1Ps8TLrsu95XO3czLWTPPvcxZUk9YKzVBwzW9_GtFSlvYAB-9acYOF3KUoCUklFjNvgT4FevoNYZ-2E.vS_0fmnCV0aJi5KDYjb5u4DhYq8HUhDaGiwOJEbELSQ&dib_tag=se&keywords=NVIDIA+RTX+5090&qid=1756534341&sr=8-92
NVIDIA Titan RTX 24GB gddr6 Graphics Card,1239.0,4.3,NVIDIA,https://www.amazon.com/NVIDIA-Titan-RTX-Graphics-Card/dp/B07L8YGDL5/ref=sr_1_93?dib=eyJ2IjoiMSJ9.DzoufdesyCmZjDVd9SKcvLZ1s52x8YvSGa_Zc7amGGNOECFTLefWZbZ_tF2qRlE4k0r80XLeyR06lJdvbY1BkFgiwAEC9xIUiCQPFeI-KeRsF6tOl9yexHkOkDbaF9i47BhPAxeQOErDdDgUASLsa8obowtX1Ps8TLrsu95XO3czLWTPPvcxZUk9YKzVBwzW9_GtFSlvYAB-9acYOF3KUoCUklFjNvgT4FevoNYZ-2E.vS_0fmnCV0aJi5KDYjb5u4DhYq8HUhDaGiwOJEbELSQ&dib_tag=se&keywords=NVIDIA+RTX+5090&qid=1756534341&sr=8-93
"PNY GeForce RTX™ 4090 24GB Verto™ Triple Fan Graphics Card DLSS 3 (384-bit PCIe 4.0, GDDR6X, Supports 4k, Anti-Sag Bracket, HDMI/DisplayPort)",2899.0,4.6,PNY,https://www.amazon.com/PNY-GeForce-RTXTM-4090-Triple-Graphics/dp/B0BHBTJ2X2/ref=sr_1_94?dib=eyJ2IjoiMSJ9.DzoufdesyCmZjDVd9SKcvLZ1s52x8YvSGa_Zc7amGGNOECFTLefWZbZ_tF2qRlE4k0r80XLeyR06lJdvbY1BkFgiwAEC9xIUiCQPFeI-KeRsF6tOl9yexHkOkDbaF9i47BhPAxeQOErDdDgUASLsa8obowtX1Ps8TLrsu95XO3czLWTPPvcxZUk9YKzVBwzW9_GtFSlvYAB-9acYOF3KUoCUklFjNvgT4FevoNYZ-2E.vS_0fmnCV0aJi5KDYjb5u4DhYq8HUhDaGiwOJEbELSQ&dib_tag=se&keywords=NVIDIA+RTX+5090&qid=1756534341&sr=8-94
"Asus TUF Gaming NVIDIA GeForce RTX 4090 OC Edition Gaming Graphics Card (24GB GDDR6X, PCIe 4.0, HDMI 2.1a, DisplayPort 1.4a, Dual Ball Bearing Axial Fans)",3149.0,4.3,NVIDIA,https://www.amazon.com/ASUS-GeForce-Graphics-DisplayPort-TUF-RTX4090-O24G-GAMING/dp/B0BHD9TS9Q/ref=sr_1_95?dib=eyJ2IjoiMSJ9.DzoufdesyCmZjDVd9SKcvLZ1s52x8YvSGa_Zc7amGGNOECFTLefWZbZ_tF2qRlE4k0r80XLeyR06lJdvbY1BkFgiwAEC9xIUiCQPFeI-KeRsF6tOl9yexHkOkDbaF9i47BhPAxeQOErDdDgUASLsa8obowtX1Ps8TLrsu95XO3czLWTPPvcxZUk9YKzVBwzW9_GtFSlvYAB-9acYOF3KUoCUklFjNvgT4FevoNYZ-2E.vS_0fmnCV0aJi5KDYjb5u4DhYq8HUhDaGiwOJEbELSQ&dib_tag=se&keywords=NVIDIA+RTX+5090&qid=1756534341&sr=8-95
NVIDIA Quadro RTX 6000,1039.0,4.3,NVIDIA,https://www.amazon.com/PNY-VCQRTX6000-PB-Quadro-6000-Graphic/dp/B07HY86LMV/ref=sr_1_96?dib=eyJ2IjoiMSJ9.DzoufdesyCmZjDVd9SKcvLZ1s52x8YvSGa_Zc7amGGNOECFTLefWZbZ_tF2qRlE4k0r80XLeyR06lJdvbY1BkFgiwAEC9xIUiCQPFeI-KeRsF6tOl9yexHkOkDbaF9i47BhPAxeQOErDdDgUASLsa8obowtX1Ps8TLrsu95XO3czLWTPPvcxZUk9YKzVBwzW9_GtFSlvYAB-9acYOF3KUoCUklFjNvgT4FevoNYZ-2E.vS_0fmnCV0aJi5KDYjb5u4DhYq8HUhDaGiwOJEbELSQ&dib_tag=se&keywords=NVIDIA+RTX+5090&qid=1756534341&sr=8-96
NVIDIA Titan RTX Graphics Card (Renewed),799.0,3.0,NVIDIA,https://www.amazon.com/NVIDIA-Titan-Graphics-Card-Renewed/dp/B07RX4DBGH/ref=sr_1_97?dib=eyJ2IjoiMSJ9.DzoufdesyCmZjDVd9SKcvLZ1s52x8YvSGa_Zc7amGGNOECFTLefWZbZ_tF2qRlE4k0r80XLeyR06lJdvbY1BkFgiwAEC9xIUiCQPFeI-KeRsF6tOl9yexHkOkDbaF9i47BhPAxeQOErDdDgUASLsa8obowtX1Ps8TLrsu95XO3czLWTPPvcxZUk9YKzVBwzW9_GtFSlvYAB-9acYOF3KUoCUklFjNvgT4FevoNYZ-2E.vS_0fmnCV0aJi5KDYjb5u4DhYq8HUhDaGiwOJEbELSQ&dib_tag=se&keywords=NVIDIA+RTX+5090&qid=1756534341&sr=8-97
"PNY NVIDIA GeForce RTX™ 5090 32GB ARGB Overclocked Triple Fan Graphics Card (DLSS 4, PCIe® 5.0, HDMI®/DP 2.1, 3.5-Slot, Epic-X™ RGB Lighting)",2517.0,4.2,NVIDIA,https://www.amazon.com/sspa/click?ie=UTF8&spc=MToxOTg3OTY5ODIzMTkwOTE6MTc1NjUzNDM5MDpzcF9hdGZfbmV4dDozMDA4MzQyNzYxODE1MDI6OjA6Og&url=%2FPNY-Overclocked-Graphics-3-5-Slot-Epic-XTM%2Fdp%2FB0DTJFSSZG%2Fref%3Dsr_1_97_sspa%3Fdib%3DeyJ2IjoiMSJ9.uB7YsepZg5UfQT5ed_dxO6Jjr_aW4AS_O2qXmaR94xksEqPnXE2yTb__PAnX4qLzHPn0ULtVS-fBOnz5MOw_nVDzIRCZF4dI2lwsPPWbxghfAQ7HoMIToV5JLj94tWnG1umCU4axXm5nRp8FHPBMj3dg801AJ7sSXBpAG2rT4ekll-RovPGZL7_k-bp8qeDNDy16T2W1pLgteNE4g2aupBl7XAKezw6PFEuv2pLvGT0.LsRVWpqmh4ZrvMZ2XJISwZAODggUQyqubZfSXcOttUM%26dib_tag%3Dse%26keywords%3DNVIDIA%2BRTX%2B5090%26qid%3D1756534390%26sr%3D8-97-spons%26sp_csd%3Dd2lkZ2V0TmFtZT1zcF9hdGZfbmV4dA%26psc%3D1
"GIGABYTE GeForce RTX 5060 WINDFORCE 8G Graphics Card, 8GB 128-bit GDDR7, PCIe 5.0, WINDFORCE Cooling System, GV-N5060WF2-8GD Video Card",299.0,4.7,GIGABYTE,https://www.amazon.com/GIGABYTE-GeForce-WINDFORCE-Graphics-GV-N5060WF2-8GD/dp/B0F8LPDVPQ/ref=sr_1_98?dib=eyJ2IjoiMSJ9.uB7YsepZg5UfQT5ed_dxO6Jjr_aW4AS_O2qXmaR94xksEqPnXE2yTb__PAnX4qLzHPn0ULtVS-fBOnz5MOw_nVDzIRCZF4dI2lwsPPWbxghfAQ7HoMIToV5JLj94tWnG1umCU4axXm5nRp8FHPBMj3dg801AJ7sSXBpAG2rT4ekll-RovPGZL7_k-bp8qeDNDy16T2W1pLgteNE4g2aupBl7XAKezw6PFEuv2pLvGT0.LsRVWpqmh4ZrvMZ2XJISwZAODggUQyqubZfSXcOttUM&dib_tag=se&keywords=NVIDIA+RTX+5090&qid=1756534390&sr=8-98
NVIDIA Quadro RTX 6000,1039.0,4.3,NVIDIA,https://www.amazon.com/PNY-VCQRTX6000-PB-Quadro-6000-Graphic/dp/B07HY86LMV/ref=sr_1_99?dib=eyJ2IjoiMSJ9.uB7YsepZg5UfQT5ed_dxO6Jjr_aW4AS_O2qXmaR94xksEqPnXE2yTb__PAnX4qLzHPn0ULtVS-fBOnz5MOw_nVDzIRCZF4dI2lwsPPWbxghfAQ7HoMIToV5JLj94tWnG1umCU4axXm5nRp8FHPBMj3dg801AJ7sSXBpAG2rT4ekll-RovPGZL7_k-bp8qeDNDy16T2W1pLgteNE4g2aupBl7XAKezw6PFEuv2pLvGT0.LsRVWpqmh4ZrvMZ2XJISwZAODggUQyqubZfSXcOttUM&dib_tag=se&keywords=NVIDIA+RTX+5090&qid=1756534390&sr=8-99
NVIDIA Titan RTX 24GB gddr6 Graphics Card,1239.0,4.3,NVIDIA,https://www.amazon.com/NVIDIA-Titan-RTX-Graphics-Card/dp/B07L8YGDL5/ref=sr_1_100?dib=eyJ2IjoiMSJ9.uB7YsepZg5UfQT5ed_dxO6Jjr_aW4AS_O2qXmaR94xksEqPnXE2yTb__PAnX4qLzHPn0ULtVS-fBOnz5MOw_nVDzIRCZF4dI2lwsPPWbxghfAQ7HoMIToV5JLj94tWnG1umCU4axXm5nRp8FHPBMj3dg801AJ7sSXBpAG2rT4ekll-RovPGZL7_k-bp8qeDNDy16T2W1pLgteNE4g2aupBl7XAKezw6PFEuv2pLvGT0.LsRVWpqmh4ZrvMZ2XJISwZAODggUQyqubZfSXcOttUM&dib_tag=se&keywords=NVIDIA+RTX+5090&qid=1756534390&sr=8-100
"Mantis V2 Gaming Desktop PC - (NVIDIA GeForce RTX 5090, Intel 24-Core i9-14900KF Processor, 96GB DDR5 RAM, 4TB NVMe Gen4 SSD, HDMI, WiFi 6E + BT, Windows 11 Pro) - Prebuilt RGB Gamer Computer",4649.0,4.5,NVIDIA,https://www.amazon.com/Mantis-Gaming-Desktop-PC-i9-14900KF/dp/B0DW9HMSZK/ref=sr_1_103?dib=eyJ2IjoiMSJ9.uB7YsepZg5UfQT5ed_dxO6Jjr_aW4AS_O2qXmaR94xksEqPnXE2yTb__PAnX4qLzHPn0ULtVS-fBOnz5MOw_nVDzIRCZF4dI2lwsPPWbxghfAQ7HoMIToV5JLj94tWnG1umCU4axXm5nRp8FHPBMj3dg801AJ7sSXBpAG2rT4ekll-RovPGZL7_k-bp8qeDNDy16T2W1pLgteNE4g2aupBl7XAKezw6PFEuv2pLvGT0.LsRVWpqmh4ZrvMZ2XJISwZAODggUQyqubZfSXcOttUM&dib_tag=se&keywords=NVIDIA+RTX+5090&qid=1756534390&sr=8-103
GeForce RTX 5090 AMD Ryzen 7 9800X3D 64GB RGB DDR5 6000MHz 4TB NVMe 1200W PSU Windows Gaming PC Desktop,4599.0,2.5,Other,https://www.amazon.com/VRLA-Tech-GeForce-9800X3D-6000MHz/dp/B0DVMH6NCM/ref=sr_1_104?dib=eyJ2IjoiMSJ9.uB7YsepZg5UfQT5ed_dxO6Jjr_aW4AS_O2qXmaR94xksEqPnXE2yTb__PAnX4qLzHPn0ULtVS-fBOnz5MOw_nVDzIRCZF4dI2lwsPPWbxghfAQ7HoMIToV5JLj94tWnG1umCU4axXm5nRp8FHPBMj3dg801AJ7sSXBpAG2rT4ekll-RovPGZL7_k-bp8qeDNDy16T2W1pLgteNE4g2aupBl7XAKezw6PFEuv2pLvGT0.LsRVWpqmh4ZrvMZ2XJISwZAODggUQyqubZfSXcOttUM&dib_tag=se&keywords=NVIDIA+RTX+5090&qid=1756534390&sr=8-104
PNY VCNRTXA6000-PB NVIDIA 48GB GDDR6 Graphics Card,5054.0,4.2,NVIDIA,https://www.amazon.com/PNY-NVIDIA-Quadro-A6000-Graphics/dp/B08NWGS4X1/ref=sr_1_105?dib=eyJ2IjoiMSJ9.uB7YsepZg5UfQT5ed_dxO6Jjr_aW4AS_O2qXmaR94xksEqPnXE2yTb__PAnX4qLzHPn0ULtVS-fBOnz5MOw_nVDzIRCZF4dI2lwsPPWbxghfAQ7HoMIToV5JLj94tWnG1umCU4axXm5nRp8FHPBMj3dg801AJ7sSXBpAG2rT4ekll-RovPGZL7_k-bp8qeDNDy16T2W1pLgteNE4g2aupBl7XAKezw6PFEuv2pLvGT0.LsRVWpqmh4ZrvMZ2XJISwZAODggUQyqubZfSXcOttUM&dib_tag=se&keywords=NVIDIA+RTX+5090&qid=1756534390&sr=8-105
"Velztorm Praetix 3D Desktop PC (AMD Ryzen 7 9800X3D, GeForce RTX 5090, 64GB DDR5, 2TB PCIe SSD + 6TB HDD, RGB Fans, 360mm AIO, 1000W PSU, WiFi 7, Bluetooth 5.4, RJ-45, HDMI, Win 11 Pro)",5049.0,4.6,Other,https://www.amazon.com/Velztorm-Praetix-Desktop-9800X3D-Bluetooth/dp/B0F3BD5N8Z/ref=sr_1_107?dib=eyJ2IjoiMSJ9.uB7YsepZg5UfQT5ed_dxO6Jjr_aW4AS_O2qXmaR94xksEqPnXE2yTb__PAnX4qLzHPn0ULtVS-fBOnz5MOw_nVDzIRCZF4dI2lwsPPWbxghfAQ7HoMIToV5JLj94tWnG1umCU4axXm5nRp8FHPBMj3dg801AJ7sSXBpAG2rT4ekll-RovPGZL7_k-bp8qeDNDy16T2W1pLgteNE4g2aupBl7XAKezw6PFEuv2pLvGT0.LsRVWpqmh4ZrvMZ2XJISwZAODggUQyqubZfSXcOttUM&dib_tag=se&keywords=NVIDIA+RTX+5090&qid=1756534390&sr=8-107
"Skytech Gaming Prism 4 Desktop PC, Ryzen 9 9950X3D 4.3 GHz (5.7GHz), NVIDIA RTX 5090 32GB, X870 Board, 2TB Gen4 NVMe SSD, 64GB DDR5 RAM 6000 RGB, 1200W Gold ATX 3 PSU, 360mm ARGB AIO, Wi-Fi, Win 11",7029.0,5.0,NVIDIA,https://www.amazon.com/Skytech-Gaming-Desktop-9950X3D-5-7GHz/dp/B0F93T8GK4/ref=sr_1_109?dib=eyJ2IjoiMSJ9.uB7YsepZg5UfQT5ed_dxO6Jjr_aW4AS_O2qXmaR94xksEqPnXE2yTb__PAnX4qLzHPn0ULtVS-fBOnz5MOw_nVDzIRCZF4dI2lwsPPWbxghfAQ7HoMIToV5JLj94tWnG1umCU4axXm5nRp8FHPBMj3dg801AJ7sSXBpAG2rT4ekll-RovPGZL7_k-bp8qeDNDy16T2W1pLgteNE4g2aupBl7XAKezw6PFEuv2pLvGT0.LsRVWpqmh4ZrvMZ2XJISwZAODggUQyqubZfSXcOttUM&dib_tag=se&keywords=NVIDIA+RTX+5090&qid=1756534390&sr=8-109
"Gigabyte AORUS GeForce RTX 5080 Master ICE 16G Graphics Card - 16GB GDDR7, 256 Bit, PCI-E 5.0, 2805MHz Core Clock, 3 x DP 2.1a, 1 x HDMI 2.1b, NVIDIA DLSS 4, GV-N5080AORUSM ICE-16GD",1699.0,4.5,NVIDIA,https://www.amazon.com/Gigabyte-AORUS-GeForce-Master-Graphics/dp/B0DT9YQ2Q1/ref=sr_1_110?dib=eyJ2IjoiMSJ9.uB7YsepZg5UfQT5ed_dxO6Jjr_aW4AS_O2qXmaR94xksEqPnXE2yTb__PAnX4qLzHPn0ULtVS-fBOnz5MOw_nVDzIRCZF4dI2lwsPPWbxghfAQ7HoMIToV5JLj94tWnG1umCU4axXm5nRp8FHPBMj3dg801AJ7sSXBpAG2rT4ekll-RovPGZL7_k-bp8qeDNDy16T2W1pLgteNE4g2aupBl7XAKezw6PFEuv2pLvGT0.LsRVWpqmh4ZrvMZ2XJISwZAODggUQyqubZfSXcOttUM&dib_tag=se&keywords=NVIDIA+RTX+5090&qid=1756534390&sr=8-110
"MSI Gaming RTX 5080 16G Shadow 3X OC Graphics Card (16GB GDDR7, 256-bit, Extreme Clock TBD MHz, DisplayPort x 3 2.1a, HDMI 2.1b, NVIDIA Blackwell Architecture)",1199.0,3.8,NVIDIA,https://www.amazon.com/MSI-Graphics-DisplayPort-Blackwell-Architecture/dp/B0DSXKZ2T9/ref=sr_1_111?dib=eyJ2IjoiMSJ9.uB7YsepZg5UfQT5ed_dxO6Jjr_aW4AS_O2qXmaR94xksEqPnXE2yTb__PAnX4qLzHPn0ULtVS-fBOnz5MOw_nVDzIRCZF4dI2lwsPPWbxghfAQ7HoMIToV5JLj94tWnG1umCU4axXm5nRp8FHPBMj3dg801AJ7sSXBpAG2rT4ekll-RovPGZL7_k-bp8qeDNDy16T2W1pLgteNE4g2aupBl7XAKezw6PFEuv2pLvGT0.LsRVWpqmh4ZrvMZ2XJISwZAODggUQyqubZfSXcOttUM&dib_tag=se&keywords=NVIDIA+RTX+5090&qid=1756534390&sr=8-111
"ASUS ROG Strix GeForce RTX™ 4090 White OC Edition Gaming Graphics Card (PCIe 4.0, 24GB GDDR6X, HDMI 2.1a, DisplayPort 1.4a)",3469.0,4.6,ASUS,https://www.amazon.com/ASUS-GeForce-Gaming-Graphics-DisplayPort/dp/B0BSVMLVTD/ref=sr_1_112?dib=eyJ2IjoiMSJ9.uB7YsepZg5UfQT5ed_dxO6Jjr_aW4AS_O2qXmaR94xksEqPnXE2yTb__PAnX4qLzHPn0ULtVS-fBOnz5MOw_nVDzIRCZF4dI2lwsPPWbxghfAQ7HoMIToV5JLj94tWnG1umCU4axXm5nRp8FHPBMj3dg801AJ7sSXBpAG2rT4ekll-RovPGZL7_k-bp8qeDNDy16T2W1pLgteNE4g2aupBl7XAKezw6PFEuv2pLvGT0.LsRVWpqmh4ZrvMZ2XJISwZAODggUQyqubZfSXcOttUM&dib_tag=se&keywords=NVIDIA+RTX+5090&qid=1756534390&sr=8-112
"GIGABYTE GeForce RTX 5060 AERO OC 8G Graphics Card, 8GB 128-bit GDDR7, PCIe 5.0, WINDFORCE Cooling System, GV-N5060AERO OC-8GD Video Card",334.0,4.8,GIGABYTE,https://www.amazon.com/GIGABYTE-Graphics-WINDFORCE-GV-N5060AERO-OC-8GD/dp/B0F8MH9LG2/ref=sr_1_113?dib=eyJ2IjoiMSJ9.uB7YsepZg5UfQT5ed_dxO6Jjr_aW4AS_O2qXmaR94xksEqPnXE2yTb__PAnX4qLzHPn0ULtVS-fBOnz5MOw_nVDzIRCZF4dI2lwsPPWbxghfAQ7HoMIToV5JLj94tWnG1umCU4axXm5nRp8FHPBMj3dg801AJ7sSXBpAG2rT4ekll-RovPGZL7_k-bp8qeDNDy16T2W1pLgteNE4g2aupBl7XAKezw6PFEuv2pLvGT0.LsRVWpqmh4ZrvMZ2XJISwZAODggUQyqubZfSXcOttUM&dib_tag=se&keywords=NVIDIA+RTX+5090&qid=1756534390&sr=8-113
"PNY NVIDIA GeForce RTX™ 5090 32GB ARGB Overclocked Triple Fan Graphics Card (DLSS 4, PCIe® 5.0, HDMI®/DP 2.1, 3.5-Slot, Epic-X™ RGB Lighting)",2517.0,4.2,NVIDIA,https://www.amazon.com/sspa/click?ie=UTF8&spc=MTozNTU4NjE2OTA0MjYxMDM4OjE3NTY1MzQ0MzI6c3BfYXRmX25leHQ6MzAwODM0Mjc2MTgxNTAyOjowOjo&url=%2FPNY-Overclocked-Graphics-3-5-Slot-Epic-XTM%2Fdp%2FB0DTJFSSZG%2Fref%3Dsr_1_113_sspa%3Fdib%3DeyJ2IjoiMSJ9.4xDAsnZejd_Zog1cZvnBCwSNjbiFd0xoywDc1Rk8voU0o0L6cxiXMltZypzCUZB9BCwHC1vFyNakZ058Dm08TQet0GBafqL2S79p7OPWZQfG5oyXkw1Sr57zbXIxJFFPXvHNwxmpwaITRwktyIqcsK2fm2bO21g46L4vC_rd4ogP207kQuQMS90JBIKpv7CXvFNq3G2_UfvrYtV_1HX0chEvi3WHsU2tWJWNdSTQ2fY.iB4VVjVaBMvHF-MKftFPWpEI7LmcIFSANMeEszvSaNw%26dib_tag%3Dse%26keywords%3DNVIDIA%2BRTX%2B5090%26qid%3D1756534432%26sr%3D8-113-spons%26sp_csd%3Dd2lkZ2V0TmFtZT1zcF9hdGZfbmV4dA%26psc%3D1
"GIGABYTE GeForce RTX 5060 AERO OC 8G Graphics Card, 8GB 128-bit GDDR7, PCIe 5.0, WINDFORCE Cooling System, GV-N5060AERO OC-8GD Video Card",334.0,4.8,GIGABYTE,https://www.amazon.com/GIGABYTE-Graphics-WINDFORCE-GV-N5060AERO-OC-8GD/dp/B0F8MH9LG2/ref=sr_1_114?dib=eyJ2IjoiMSJ9.4xDAsnZejd_Zog1cZvnBCwSNjbiFd0xoywDc1Rk8voU0o0L6cxiXMltZypzCUZB9BCwHC1vFyNakZ058Dm08TQet0GBafqL2S79p7OPWZQfG5oyXkw1Sr57zbXIxJFFPXvHNwxmpwaITRwktyIqcsK2fm2bO21g46L4vC_rd4ogP207kQuQMS90JBIKpv7CXvFNq3G2_UfvrYtV_1HX0chEvi3WHsU2tWJWNdSTQ2fY.iB4VVjVaBMvHF-MKftFPWpEI7LmcIFSANMeEszvSaNw&dib_tag=se&keywords=NVIDIA+RTX+5090&qid=1756534432&sr=8-114
PNY NVIDIA RTX A2000 12GB,680.0,4.4,NVIDIA,https://www.amazon.com/PNY-VCNRTXA200012GB-PB-NVIDIA-A2000-12GB/dp/B09SJ2BZ85/ref=sr_1_115?dib=eyJ2IjoiMSJ9.4xDAsnZejd_Zog1cZvnBCwSNjbiFd0xoywDc1Rk8voU0o0L6cxiXMltZypzCUZB9BCwHC1vFyNakZ058Dm08TQet0GBafqL2S79p7OPWZQfG5oyXkw1Sr57zbXIxJFFPXvHNwxmpwaITRwktyIqcsK2fm2bO21g46L4vC_rd4ogP207kQuQMS90JBIKpv7CXvFNq3G2_UfvrYtV_1HX0chEvi3WHsU2tWJWNdSTQ2fY.iB4VVjVaBMvHF-MKftFPWpEI7LmcIFSANMeEszvSaNw&dib_tag=se&keywords=NVIDIA+RTX+5090&qid=1756534432&sr=8-115
nVidia GeForce RTX 3090 Founders Edition Graphics Card,1479.0,4.1,NVIDIA,https://www.amazon.com/NVIDIA-RTX-3090-Founders-Graphics/dp/B08HR6ZBYJ/ref=sr_1_116?dib=eyJ2IjoiMSJ9.4xDAsnZejd_Zog1cZvnBCwSNjbiFd0xoywDc1Rk8voU0o0L6cxiXMltZypzCUZB9BCwHC1vFyNakZ058Dm08TQet0GBafqL2S79p7OPWZQfG5oyXkw1Sr57zbXIxJFFPXvHNwxmpwaITRwktyIqcsK2fm2bO21g46L4vC_rd4ogP207kQuQMS90JBIKpv7CXvFNq3G2_UfvrYtV_1HX0chEvi3WHsU2tWJWNdSTQ2fY.iB4VVjVaBMvHF-MKftFPWpEI7LmcIFSANMeEszvSaNw&dib_tag=se&keywords=NVIDIA+RTX+5090&qid=1756534432&sr=8-116
"CyberPowerPC Gamer Supreme Gaming PC, AMD Ryzen 9 9950X 4.3GHz, GeForce RTX 5090 32GB, 64GB DDR5, 4TB PCIe Gen4 SSD, WiFi Ready & Windows 11 Home (SLCAI15000A3)",5099.0,3.6,Other,https://www.amazon.com/CyberPowerPC-Supreme-GeForce-Windows-SLCAI15000A3/dp/B0DW47PVD7/ref=sr_1_119?dib=eyJ2IjoiMSJ9.4xDAsnZejd_Zog1cZvnBCwSNjbiFd0xoywDc1Rk8voU0o0L6cxiXMltZypzCUZB9BCwHC1vFyNakZ058Dm08TQet0GBafqL2S79p7OPWZQfG5oyXkw1Sr57zbXIxJFFPXvHNwxmpwaITRwktyIqcsK2fm2bO21g46L4vC_rd4ogP207kQuQMS90JBIKpv7CXvFNq3G2_UfvrYtV_1HX0chEvi3WHsU2tWJWNdSTQ2fY.iB4VVjVaBMvHF-MKftFPWpEI7LmcIFSANMeEszvSaNw&dib_tag=se&keywords=NVIDIA+RTX+5090&qid=1756534432&sr=8-119
"GIGABYTE GeForce RTX 5060 Gaming OC 8G Graphics Card, 8GB 128-bit GDDR7, PCIe 5.0, WINDFORCE Cooling System, GV-N5060GAMING OC-8GD Video Card",329.0,4.7,GIGABYTE,https://www.amazon.com/GIGABYTE-GeForce-Graphics-WINDFORCE-GV-N5060GAMING/dp/B0F8L759L4/ref=sr_1_120?dib=eyJ2IjoiMSJ9.4xDAsnZejd_Zog1cZvnBCwSNjbiFd0xoywDc1Rk8voU0o0L6cxiXMltZypzCUZB9BCwHC1vFyNakZ058Dm08TQet0GBafqL2S79p7OPWZQfG5oyXkw1Sr57zbXIxJFFPXvHNwxmpwaITRwktyIqcsK2fm2bO21g46L4vC_rd4ogP207kQuQMS90JBIKpv7CXvFNq3G2_UfvrYtV_1HX0chEvi3WHsU2tWJWNdSTQ2fY.iB4VVjVaBMvHF-MKftFPWpEI7LmcIFSANMeEszvSaNw&dib_tag=se&keywords=NVIDIA+RTX+5090&qid=1756534432&sr=8-120
"PNY NVIDIA GeForce RTX™ 5060 8GB Overclocked Dual Fan Graphics Card (DLSS 4, PCIe® 5.0, HDMI®/DP 2.1, 2-Slot)",299.0,4.1,NVIDIA,https://www.amazon.com/PNY-NVIDIA-GeForce-Overclocked-Graphics/dp/B0F4Z2DNH2/ref=sr_1_121?dib=eyJ2IjoiMSJ9.4xDAsnZejd_Zog1cZvnBCwSNjbiFd0xoywDc1Rk8voU0o0L6cxiXMltZypzCUZB9BCwHC1vFyNakZ058Dm08TQet0GBafqL2S79p7OPWZQfG5oyXkw1Sr57zbXIxJFFPXvHNwxmpwaITRwktyIqcsK2fm2bO21g46L4vC_rd4ogP207kQuQMS90JBIKpv7CXvFNq3G2_UfvrYtV_1HX0chEvi3WHsU2tWJWNdSTQ2fY.iB4VVjVaBMvHF-MKftFPWpEI7LmcIFSANMeEszvSaNw&dib_tag=se&keywords=NVIDIA+RTX+5090&qid=1756534432&sr=8-121
"ASUS ROG Astral GeForce RTX 5080 16GB GDDR7 OC Gaming Graphics Card (PCIe 5.0, 2xHDMI, 3xDisplayPort, Four Fans, Patented Cooling Tech for Lower Temps & Noise, NVIDIA DLSS4, 8K Resolution, ARGB)",2105.0,4.5,NVIDIA,https://www.amazon.com/ASUS-Graphics-3xDisplayPort-Patented-Resolution/dp/B0DS643QRW/ref=sr_1_122?dib=eyJ2IjoiMSJ9.4xDAsnZejd_Zog1cZvnBCwSNjbiFd0xoywDc1Rk8voU0o0L6cxiXMltZypzCUZB9BCwHC1vFyNakZ058Dm08TQet0GBafqL2S79p7OPWZQfG5oyXkw1Sr57zbXIxJFFPXvHNwxmpwaITRwktyIqcsK2fm2bO21g46L4vC_rd4ogP207kQuQMS90JBIKpv7CXvFNq3G2_UfvrYtV_1HX0chEvi3WHsU2tWJWNdSTQ2fY.iB4VVjVaBMvHF-MKftFPWpEI7LmcIFSANMeEszvSaNw&dib_tag=se&keywords=NVIDIA+RTX+5090&qid=1756534432&sr=8-122
"MSI Gaming RTX 5060 Ti 16G Ventus 3X OC Graphics Card (16GB GDDR7, 128-bit, Extreme Performance: 2617 MHz, DisplayPort x 3 2.1a, HDMI 2.1b, NVIDIA Blackwell Architecture)",519.0,3.7,NVIDIA,https://www.amazon.com/Gaming-Graphics-128-bit-Extreme-Performance/dp/B0F45Y77MH/ref=sr_1_123?dib=eyJ2IjoiMSJ9.4xDAsnZejd_Zog1cZvnBCwSNjbiFd0xoywDc1Rk8voU0o0L6cxiXMltZypzCUZB9BCwHC1vFyNakZ058Dm08TQet0GBafqL2S79p7OPWZQfG5oyXkw1Sr57zbXIxJFFPXvHNwxmpwaITRwktyIqcsK2fm2bO21g46L4vC_rd4ogP207kQuQMS90JBIKpv7CXvFNq3G2_UfvrYtV_1HX0chEvi3WHsU2tWJWNdSTQ2fY.iB4VVjVaBMvHF-MKftFPWpEI7LmcIFSANMeEszvSaNw&dib_tag=se&keywords=NVIDIA+RTX+5090&qid=1756534432&sr=8-123
Corsair Vengeance i8200 Gaming PC – Liquid Cooled Intel® Core™ i9 14900KF CPU – NVIDIA GeForce RTX 5080 GPU – 64GB Dominator Titanium RGB DDR5 Memory – 2TB+2TB M.2 SSD – Black,4299.0,3.9,NVIDIA,https://www.amazon.com/Corsair-Vengeance-i8200-Gaming-Dominator/dp/B0DXVSB4WK/ref=sr_1_124?dib=eyJ2IjoiMSJ9.4xDAsnZejd_Zog1cZvnBCwSNjbiFd0xoywDc1Rk8voU0o0L6cxiXMltZypzCUZB9BCwHC1vFyNakZ058Dm08TQet0GBafqL2S79p7OPWZQfG5oyXkw1Sr57zbXIxJFFPXvHNwxmpwaITRwktyIqcsK2fm2bO21g46L4vC_rd4ogP207kQuQMS90JBIKpv7CXvFNq3G2_UfvrYtV_1HX0chEvi3WHsU2tWJWNdSTQ2fY.iB4VVjVaBMvHF-MKftFPWpEI7LmcIFSANMeEszvSaNw&dib_tag=se&keywords=NVIDIA+RTX+5090&qid=1756534432&sr=8-124
"MSI Gaming RTX 5070 12G Vanguard SOC Graphics Card (12GB GDDR7, 192-bit, Extreme Performance: 2655 MHz, DisplayPort x3 2.1a, HDMI 2.1b, NVIDIA Blackwell Architecture)",634.0,4.9,NVIDIA,https://www.amazon.com/MSI-RTX-5070-12G-SOC/dp/B0DYG483V1/ref=sr_1_125?dib=eyJ2IjoiMSJ9.4xDAsnZejd_Zog1cZvnBCwSNjbiFd0xoywDc1Rk8voU0o0L6cxiXMltZypzCUZB9BCwHC1vFyNakZ058Dm08TQet0GBafqL2S79p7OPWZQfG5oyXkw1Sr57zbXIxJFFPXvHNwxmpwaITRwktyIqcsK2fm2bO21g46L4vC_rd4ogP207kQuQMS90JBIKpv7CXvFNq3G2_UfvrYtV_1HX0chEvi3WHsU2tWJWNdSTQ2fY.iB4VVjVaBMvHF-MKftFPWpEI7LmcIFSANMeEszvSaNw&dib_tag=se&keywords=NVIDIA+RTX+5090&qid=1756534432&sr=8-125
PNY NVIDIA RTX A6000,5054.0,3.1,NVIDIA,https://www.amazon.com/PNY-VCNRTXA6000-PB-NVIDIA-RTX-A6000/dp/B09BDH8VZV/ref=sr_1_127?dib=eyJ2IjoiMSJ9.4xDAsnZejd_Zog1cZvnBCwSNjbiFd0xoywDc1Rk8voU0o0L6cxiXMltZypzCUZB9BCwHC1vFyNakZ058Dm08TQet0GBafqL2S79p7OPWZQfG5oyXkw1Sr57zbXIxJFFPXvHNwxmpwaITRwktyIqcsK2fm2bO21g46L4vC_rd4ogP207kQuQMS90JBIKpv7CXvFNq3G2_UfvrYtV_1HX0chEvi3WHsU2tWJWNdSTQ2fY.iB4VVjVaBMvHF-MKftFPWpEI7LmcIFSANMeEszvSaNw&dib_tag=se&keywords=NVIDIA+RTX+5090&qid=1756534432&sr=8-127
"Continuum Micro Gaming Desktop PC - NVD GeForce RTX 5090 32GB, Intel 24-Core i9-14900KF Processor, 96GB DDR5 RAM, 4TB Gen4 NVMe SSD, WiFi 6, Windows 11 Pro - RGB Gamer Computer",4599.0,5.0,Other,https://www.amazon.com/Continuum-Micro-Gaming-Desktop-PC/dp/B0DVCHPH65/ref=sr_1_129?dib=eyJ2IjoiMSJ9.4xDAsnZejd_Zog1cZvnBCwSNjbiFd0xoywDc1Rk8voU0o0L6cxiXMltZypzCUZB9BCwHC1vFyNakZ058Dm08TQet0GBafqL2S79p7OPWZQfG5oyXkw1Sr57zbXIxJFFPXvHNwxmpwaITRwktyIqcsK2fm2bO21g46L4vC_rd4ogP207kQuQMS90JBIKpv7CXvFNq3G2_UfvrYtV_1HX0chEvi3WHsU2tWJWNdSTQ2fY.iB4VVjVaBMvHF-MKftFPWpEI7LmcIFSANMeEszvSaNw&dib_tag=se&keywords=NVIDIA+RTX+5090&qid=1756534432&sr=8-129
"PNY NVIDIA GeForce RTX™ 5090 32GB ARGB Overclocked Triple Fan Graphics Card (DLSS 4, PCIe® 5.0, HDMI®/DP 2.1, 3.5-Slot, Epic-X™ RGB Lighting)",2517.0,4.2,NVIDIA,https://www.amazon.com/sspa/click?ie=UTF8&spc=MToyMjc2MzQ4MzM5NTY2MTU6MTc1NjUzNDQ3MzpzcF9hdGZfbmV4dDozMDA4MzQyNzYxODE1MDI6OjA6Og&url=%2FPNY-Overclocked-Graphics-3-5-Slot-Epic-XTM%2Fdp%2FB0DTJFSSZG%2Fref%3Dsr_1_129_sspa%3Fdib%3DeyJ2IjoiMSJ9.qcIX2P8lHXlVzH59WP37vtDyBnxYfUvXh0H6F-kKFXFSYUHbvuepF9HHTW8W1EvINNGgCTWXyl1aoa2flbo6qsw-JUegZCKDYEdSwxjzDCziQuPi9sJu3Z_zaXtYxh0iuSPAkQqyhPZhNqAYA_HDn4Ff-Sc47ARc6EPjydmC98Avdu95HJFU_wPkAJqq3sif1MTczXMPfb2th3mcKX43O7TTwghRwOPj87v8cGLWygM.iLA-6nUnRoY8wYsQ1TFTj6LLYoTxPEjae8YLhAsdBEI%26dib_tag%3Dse%26keywords%3DNVIDIA%2BRTX%2B5090%26qid%3D1756534473%26sr%3D8-129-spons%26sp_csd%3Dd2lkZ2V0TmFtZT1zcF9hdGZfbmV4dA%26psc%3D1
nVidia GeForce RTX 3090 Ti Founders Edition,1946.0,4.3,NVIDIA,https://www.amazon.com/Nvidia-RTX-3090-TI-Founders/dp/B09X4JVZB5/ref=sr_1_132?dib=eyJ2IjoiMSJ9.qcIX2P8lHXlVzH59WP37vtDyBnxYfUvXh0H6F-kKFXFSYUHbvuepF9HHTW8W1EvINNGgCTWXyl1aoa2flbo6qsw-JUegZCKDYEdSwxjzDCziQuPi9sJu3Z_zaXtYxh0iuSPAkQqyhPZhNqAYA_HDn4Ff-Sc47ARc6EPjydmC98Avdu95HJFU_wPkAJqq3sif1MTczXMPfb2th3mcKX43O7TTwghRwOPj87v8cGLWygM.iLA-6nUnRoY8wYsQ1TFTj6LLYoTxPEjae8YLhAsdBEI&dib_tag=se&keywords=NVIDIA+RTX+5090&qid=1756534473&sr=8-132
"GIGABYTE GeForce RTX 5070 Gaming OC 12G Graphics Card - 12GB GDDR7, 192 Bits, PCI-E 5.0, 2625 MHz Core Clock, 3 x DP 2.1a, 1 x HDMI 2.1b, NVIDIA DLSS 4, GV-N5070GAMING OC-12GD",659.0,3.9,NVIDIA,https://www.amazon.com/GIGABYTE-GeForce-5070-Gaming-Graphics/dp/B0DTGNTQ3C/ref=sr_1_135?dib=eyJ2IjoiMSJ9.qcIX2P8lHXlVzH59WP37vtDyBnxYfUvXh0H6F-kKFXFSYUHbvuepF9HHTW8W1EvINNGgCTWXyl1aoa2flbo6qsw-JUegZCKDYEdSwxjzDCziQuPi9sJu3Z_zaXtYxh0iuSPAkQqyhPZhNqAYA_HDn4Ff-Sc47ARc6EPjydmC98Avdu95HJFU_wPkAJqq3sif1MTczXMPfb2th3mcKX43O7TTwghRwOPj87v8cGLWygM.iLA-6nUnRoY8wYsQ1TFTj6LLYoTxPEjae8YLhAsdBEI&dib_tag=se&keywords=NVIDIA+RTX+5090&qid=1756534473&sr=8-135
"ZOTAC Gaming GeForce RTX 5060 Ti 16GB AMP DLSS 4 16GB GDDR7 128-bit 28 Gbps PCIE 5.0 Gaming Graphics Card, IceStorm 2.0 Cooling, White LED Lighting, ZT-B50620F-10M",489.0,4.5,ZOTAC,https://www.amazon.com/ZOTAC-Graphics-IceStorm-Lighting-ZT-B50620F-10M/dp/B0F58S445K/ref=sr_1_137?dib=eyJ2IjoiMSJ9.qcIX2P8lHXlVzH59WP37vtDyBnxYfUvXh0H6F-kKFXFSYUHbvuepF9HHTW8W1EvINNGgCTWXyl1aoa2flbo6qsw-JUegZCKDYEdSwxjzDCziQuPi9sJu3Z_zaXtYxh0iuSPAkQqyhPZhNqAYA_HDn4Ff-Sc47ARc6EPjydmC98Avdu95HJFU_wPkAJqq3sif1MTczXMPfb2th3mcKX43O7TTwghRwOPj87v8cGLWygM.iLA-6nUnRoY8wYsQ1TFTj6LLYoTxPEjae8YLhAsdBEI&dib_tag=se&keywords=NVIDIA+RTX+5090&qid=1756534473&sr=8-137
"GIGABYTE GeForce RTX 5060 Ti AERO OC 16G Graphics Card, 16GB 128-bit GDDR7, PCIe 5.0, WINDFORCE Cooling System, GV-N506TAERO OC-16GD Video Card",539.0,4.5,GIGABYTE,https://www.amazon.com/GIGABYTE-Graphics-WINDFORCE-GV-N506TAERO-OC-16GD/dp/B0F5BCCKY6/ref=sr_1_138?dib=eyJ2IjoiMSJ9.qcIX2P8lHXlVzH59WP37vtDyBnxYfUvXh0H6F-kKFXFSYUHbvuepF9HHTW8W1EvINNGgCTWXyl1aoa2flbo6qsw-JUegZCKDYEdSwxjzDCziQuPi9sJu3Z_zaXtYxh0iuSPAkQqyhPZhNqAYA_HDn4Ff-Sc47ARc6EPjydmC98Avdu95HJFU_wPkAJqq3sif1MTczXMPfb2th3mcKX43O7TTwghRwOPj87v8cGLWygM.iLA-6nUnRoY8wYsQ1TFTj6LLYoTxPEjae8YLhAsdBEI&dib_tag=se&keywords=NVIDIA+RTX+5090&qid=1756534473&sr=8-138
"MSI Gaming RTX 5080 16G SUPRIM SOC Graphics Card (16GB GDDR7, 256-bit, Extreme Performance: 2760 MHz, DisplayPort x 3 2.1a, HDMI 2.1b, NVIDIA Blackwell Architecture)",1409.0,5.0,NVIDIA,https://www.amazon.com/MSI-Graphics-256-bit-Extreme-Performance/dp/B0DSXJ5QF4/ref=sr_1_139?dib=eyJ2IjoiMSJ9.qcIX2P8lHXlVzH59WP37vtDyBnxYfUvXh0H6F-kKFXFSYUHbvuepF9HHTW8W1EvINNGgCTWXyl1aoa2flbo6qsw-JUegZCKDYEdSwxjzDCziQuPi9sJu3Z_zaXtYxh0iuSPAkQqyhPZhNqAYA_HDn4Ff-Sc47ARc6EPjydmC98Avdu95HJFU_wPkAJqq3sif1MTczXMPfb2th3mcKX43O7TTwghRwOPj87v8cGLWygM.iLA-6nUnRoY8wYsQ1TFTj6LLYoTxPEjae8YLhAsdBEI&dib_tag=se&keywords=NVIDIA+RTX+5090&qid=1756534473&sr=8-139
"MSI Gaming RTX 5080 16G Vanguard SOC Graphics Card (16GB GDDR7, 256-bit, Extreme Clock TBD MHz, DisplayPort x 3 2.1a, HDMI 2.1b, NVIDIA Blackwell Architecture)",1389.0,4.7,NVIDIA,https://www.amazon.com/MSI-Vanguard-DisplayPort-Blackwell-Architecture/dp/B0DSWP51N3/ref=sr_1_140?dib=eyJ2IjoiMSJ9.qcIX2P8lHXlVzH59WP37vtDyBnxYfUvXh0H6F-kKFXFSYUHbvuepF9HHTW8W1EvINNGgCTWXyl1aoa2flbo6qsw-JUegZCKDYEdSwxjzDCziQuPi9sJu3Z_zaXtYxh0iuSPAkQqyhPZhNqAYA_HDn4Ff-Sc47ARc6EPjydmC98Avdu95HJFU_wPkAJqq3sif1MTczXMPfb2th3mcKX43O7TTwghRwOPj87v8cGLWygM.iLA-6nUnRoY8wYsQ1TFTj6LLYoTxPEjae8YLhAsdBEI&dib_tag=se&keywords=NVIDIA+RTX+5090&qid=1756534473&sr=8-140
"MSI Gaming RTX 5080 16G Ventus 3X OC White Graphics Card (16GB GDDR7, 256-bit, Extreme Clock TBD MHz, DisplayPort x 3 2.1a, HDMI 2.1b, NVIDIA Blackwell Architecture)",1449.0,5.0,NVIDIA,https://www.amazon.com/MSI-Graphics-DisplayPort-Blackwell-Architecture/dp/B0DSWQNGYF/ref=sr_1_142?dib=eyJ2IjoiMSJ9.qcIX2P8lHXlVzH59WP37vtDyBnxYfUvXh0H6F-kKFXFSYUHbvuepF9HHTW8W1EvINNGgCTWXyl1aoa2flbo6qsw-JUegZCKDYEdSwxjzDCziQuPi9sJu3Z_zaXtYxh0iuSPAkQqyhPZhNqAYA_HDn4Ff-Sc47ARc6EPjydmC98Avdu95HJFU_wPkAJqq3sif1MTczXMPfb2th3mcKX43O7TTwghRwOPj87v8cGLWygM.iLA-6nUnRoY8wYsQ1TFTj6LLYoTxPEjae8YLhAsdBEI&dib_tag=se&keywords=NVIDIA+RTX+5090&qid=1756534473&sr=8-142
Razer Blade 16 (2025) Gaming Laptop: NVIDIA GeForce RTX 5090 - AMD Ryzen AI 9 HX 370 CPU - QHD+ 240Hz OLED Display - 64GB LPDDR5x RAM - 4TB (2TB+2TB) SSD PCIe Gen4 - Windows 11 - Copilot+ PC - RGB,3769.0,2.3,NVIDIA,https://www.amazon.com/Razer-Blade-16-Gaming-Laptop/dp/B0DYLX9VQQ/ref=sr_1_145?dib=eyJ2IjoiMSJ9.qcIX2P8lHXlVzH59WP37vtDyBnxYfUvXh0H6F-kKFXFSYUHbvuepF9HHTW8W1EvINNGgCTWXyl1aoa2flbo6qsw-JUegZCKDYEdSwxjzDCziQuPi9sJu3Z_zaXtYxh0iuSPAkQqyhPZhNqAYA_HDn4Ff-Sc47ARc6EPjydmC98Avdu95HJFU_wPkAJqq3sif1MTczXMPfb2th3mcKX43O7TTwghRwOPj87v8cGLWygM.iLA-6nUnRoY8wYsQ1TFTj6LLYoTxPEjae8YLhAsdBEI&dib_tag=se&keywords=NVIDIA+RTX+5090&qid=1756534473&sr=8-145
"PNY NVIDIA GeForce RTX™ 5090 32GB ARGB Overclocked Triple Fan Graphics Card (DLSS 4, PCIe® 5.0, HDMI®/DP 2.1, 3.5-Slot, Epic-X™ RGB Lighting)",2517.0,4.2,NVIDIA,https://www.amazon.com/sspa/click?ie=UTF8&spc=MToxNTkwODk2MzYyOTUxNDQ6MTc1NjUzNDUxMzpzcF9hdGZfbmV4dDozMDA4MzQyNzYxODE1MDI6OjA6Og&url=%2FPNY-Overclocked-Graphics-3-5-Slot-Epic-XTM%2Fdp%2FB0DTJFSSZG%2Fref%3Dsr_1_145_sspa%3Fdib%3DeyJ2IjoiMSJ9.INhwSDyyX7BVmoU8ysZZcJv8Pi1PKpAadCm6Ybst-xmp5hMCF55KlRGBIisMerfIAstlkc17gLgT1ICQmcXhIDYxBsB5rSx8PKnNEFbHT61UENhrkUcoDBw16GwfhKLBloSM68iqJWlFLoEJwtOtrtxveuCq2pCaNymfxRSCC6MB9zSDkBO1OwwspZkv1p6aqWe7pmIJ1NWU3cjdt33zY6wJEpp-Z-5kwF4l3GSFzHQ.Xd3U3gbSfaakMsHDFGk9JiPeKfHDpuFOBWU8xYnSZVw%26dib_tag%3Dse%26keywords%3DNVIDIA%2BRTX%2B5090%26qid%3D1756534513%26sr%3D8-145-spons%26sp_csd%3Dd2lkZ2V0TmFtZT1zcF9hdGZfbmV4dA%26psc%3D1
"MSI Gaming RTX 5070 12G Shadow 3X OC Graphics Card (12GB GDDR7, 192-bit, Extreme Performance: 2557 MHz, DisplayPort x3 2.1a, HDMI 2.1b, NVIDIA Blackwell Architecture)",549.0,4.1,NVIDIA,https://www.amazon.com/MSI-Graphics-192-bit-Extreme-Performance/dp/B0DYGKHNM3/ref=sr_1_146?dib=eyJ2IjoiMSJ9.INhwSDyyX7BVmoU8ysZZcJv8Pi1PKpAadCm6Ybst-xmp5hMCF55KlRGBIisMerfIAstlkc17gLgT1ICQmcXhIDYxBsB5rSx8PKnNEFbHT61UENhrkUcoDBw16GwfhKLBloSM68iqJWlFLoEJwtOtrtxveuCq2pCaNymfxRSCC6MB9zSDkBO1OwwspZkv1p6aqWe7pmIJ1NWU3cjdt33zY6wJEpp-Z-5kwF4l3GSFzHQ.Xd3U3gbSfaakMsHDFGk9JiPeKfHDpuFOBWU8xYnSZVw&dib_tag=se&keywords=NVIDIA+RTX+5090&qid=1756534513&sr=8-146
"CyberPowerPC Gamer Xtreme VR Gaming PC, Intel Core Ultra 9 285K 3.7GHz, GeForce RTX 5090 32GB, 64GB DDR5, 4TB PCIe Gen4 SSD, WiFi Ready & Windows 11 Home (GXiVR8600A5)",5039.0,3.4,Other,https://www.amazon.com/CyberPowerPC-Xtreme-GeForce-Windows-GXiVR8600A5/dp/B0DW482742/ref=sr_1_147?dib=eyJ2IjoiMSJ9.INhwSDyyX7BVmoU8ysZZcJv8Pi1PKpAadCm6Ybst-xmp5hMCF55KlRGBIisMerfIAstlkc17gLgT1ICQmcXhIDYxBsB5rSx8PKnNEFbHT61UENhrkUcoDBw16GwfhKLBloSM68iqJWlFLoEJwtOtrtxveuCq2pCaNymfxRSCC6MB9zSDkBO1OwwspZkv1p6aqWe7pmIJ1NWU3cjdt33zY6wJEpp-Z-5kwF4l3GSFzHQ.Xd3U3gbSfaakMsHDFGk9JiPeKfHDpuFOBWU8xYnSZVw&dib_tag=se&keywords=NVIDIA+RTX+5090&qid=1756534513&sr=8-147
"MSI Gaming RTX 5060 8G Gaming Trio OC Graphics Card (8GB GDDR7,128-bit, Extreme Performance: 2640 MHz, DisplayPort x3 2.1a, HDMI 2.1b, NVIDIA Blackwell Architecture)",369.0,4.9,NVIDIA,https://www.amazon.com/Gaming-Graphics-128-bit-Extreme-Performance/dp/B0F4M8S2C4/ref=sr_1_151?dib=eyJ2IjoiMSJ9.INhwSDyyX7BVmoU8ysZZcJv8Pi1PKpAadCm6Ybst-xmp5hMCF55KlRGBIisMerfIAstlkc17gLgT1ICQmcXhIDYxBsB5rSx8PKnNEFbHT61UENhrkUcoDBw16GwfhKLBloSM68iqJWlFLoEJwtOtrtxveuCq2pCaNymfxRSCC6MB9zSDkBO1OwwspZkv1p6aqWe7pmIJ1NWU3cjdt33zY6wJEpp-Z-5kwF4l3GSFzHQ.Xd3U3gbSfaakMsHDFGk9JiPeKfHDpuFOBWU8xYnSZVw&dib_tag=se&keywords=NVIDIA+RTX+5090&qid=1756534513&sr=8-151
PNY VCNRTXA6000-SB NVIDIA RTX A6000 Graphics Card 48GB GDDR6,5049.0,3.2,NVIDIA,https://www.amazon.com/PNY-VCNRTXA6000-SB-NVIDIA-A6000-Graphics/dp/B09CV6QPDC/ref=sr_1_152?dib=eyJ2IjoiMSJ9.INhwSDyyX7BVmoU8ysZZcJv8Pi1PKpAadCm6Ybst-xmp5hMCF55KlRGBIisMerfIAstlkc17gLgT1ICQmcXhIDYxBsB5rSx8PKnNEFbHT61UENhrkUcoDBw16GwfhKLBloSM68iqJWlFLoEJwtOtrtxveuCq2pCaNymfxRSCC6MB9zSDkBO1OwwspZkv1p6aqWe7pmIJ1NWU3cjdt33zY6wJEpp-Z-5kwF4l3GSFzHQ.Xd3U3gbSfaakMsHDFGk9JiPeKfHDpuFOBWU8xYnSZVw&dib_tag=se&keywords=NVIDIA+RTX+5090&qid=1756534513&sr=8-152
"ASUS ROG G700 (2025) Liquid Cooling, Gaming Desktop PC, Intel® Core™ Ultra 9 285K Processor, NVIDIA® GeForce RTX™ 5090, 1TB M.2 NVMe™ PCIe® 4 SSD, 32GB DDR5 RAM, Windows 11 Home, G700TF-DS996",4849.0,4.0,NVIDIA,https://www.amazon.com/ASUS-Cooling-Desktop-Processor-G700TF-DS996/dp/B0F2BCNV47/ref=sr_1_153?dib=eyJ2IjoiMSJ9.INhwSDyyX7BVmoU8ysZZcJv8Pi1PKpAadCm6Ybst-xmp5hMCF55KlRGBIisMerfIAstlkc17gLgT1ICQmcXhIDYxBsB5rSx8PKnNEFbHT61UENhrkUcoDBw16GwfhKLBloSM68iqJWlFLoEJwtOtrtxveuCq2pCaNymfxRSCC6MB9zSDkBO1OwwspZkv1p6aqWe7pmIJ1NWU3cjdt33zY6wJEpp-Z-5kwF4l3GSFzHQ.Xd3U3gbSfaakMsHDFGk9JiPeKfHDpuFOBWU8xYnSZVw&dib_tag=se&keywords=NVIDIA+RTX+5090&qid=1756534513&sr=8-153
"MSI Gaming RTX 5060 Ti 8G Gaming OC Graphics Card (8GB GDDR7,TBA-bit, Extreme Performance: TBA MHz, DisplayPort x3 2.1a, HDMI 2.1b, NVIDIA Blackwell Architecture)",389.0,4.1,NVIDIA,https://www.amazon.com/RTX-5060-8G-OC-Performance/dp/B0F4M8PX1V/ref=sr_1_159?dib=eyJ2IjoiMSJ9.INhwSDyyX7BVmoU8ysZZcJv8Pi1PKpAadCm6Ybst-xmp5hMCF55KlRGBIisMerfIAstlkc17gLgT1ICQmcXhIDYxBsB5rSx8PKnNEFbHT61UENhrkUcoDBw16GwfhKLBloSM68iqJWlFLoEJwtOtrtxveuCq2pCaNymfxRSCC6MB9zSDkBO1OwwspZkv1p6aqWe7pmIJ1NWU3cjdt33zY6wJEpp-Z-5kwF4l3GSFzHQ.Xd3U3gbSfaakMsHDFGk9JiPeKfHDpuFOBWU8xYnSZVw&dib_tag=se&keywords=NVIDIA+RTX+5090&qid=1756534513&sr=8-159
"ZOTAC Gaming GeForce RTX 4090 AMP Extreme AIRO 24GB GDDR6X 384-bit 21 Gbps PCIE 4.0 Graphics Card, IceStorm 3.0 Advanced Cooling, Spectra 2.0 RGB Lighting, ZT-D40900B-10P",2479.0,4.1,ZOTAC,https://www.amazon.com/ZOTAC-Graphics-IceStorm-Advanced-ZT-D40900B-10P/dp/B09D1VF7F8/ref=sr_1_161?dib=eyJ2IjoiMSJ9.INhwSDyyX7BVmoU8ysZZcJv8Pi1PKpAadCm6Ybst-xmp5hMCF55KlRGBIisMerfIAstlkc17gLgT1ICQmcXhIDYxBsB5rSx8PKnNEFbHT61UENhrkUcoDBw16GwfhKLBloSM68iqJWlFLoEJwtOtrtxveuCq2pCaNymfxRSCC6MB9zSDkBO1OwwspZkv1p6aqWe7pmIJ1NWU3cjdt33zY6wJEpp-Z-5kwF4l3GSFzHQ.Xd3U3gbSfaakMsHDFGk9JiPeKfHDpuFOBWU8xYnSZVw&dib_tag=se&keywords=NVIDIA+RTX+5090&qid=1756534513&sr=8-161
